orig_row,claim_index,mechanism,status,platform,timestamp,model_label,final_human_label,validation_source,evaluated_model,evaluated_model_name,model_prediction,prediction_valid,raw_model_output,parse_error
1530104,0,action_orientation,Crooks was gunned down by US Secret Service snipers at the Butler rally. Read: . . . | | | | | | | | |,twitter,2024-07-14 08:11:40+00:00,1,0,positive_enrichment_round1,Qwen/Qwen3-14B,qwen3_14b,0,True,0,
773570,0,action_orientation,"Marjorie Taylor GreeneIf Steve Bannon and Peter Navarro can be ordered to prison, the same should be true for Merrick Garland.",truth_social,,0,0,positive_enrichment_round1,Qwen/Qwen3-14B,qwen3_14b,0,True,0,
3239512,1,action_orientation,"He is just another terrorist like Joe biden , they both support genocide , they and their teams should be arrested for genocide and supporting murdering innocent people.",twitter,2024-09-20 02:53:40+00:00,1,1,positive_enrichment_round1,Qwen/Qwen3-14B,qwen3_14b,1,True,1,
590716,13,action_orientation,"Part 2: TDS Robert DeNiro SUFFERS PANIC Attack while HECKLED With 'F Joe Biden' Chants OUTSIDE COURT HOUSE!! #trump #donaldtrump #breakingnews #arighteousperspective   :  But we vowed we would not allow terrorists to come. I owe this city a lot. And that's why it's so weird that Donald Trump is just across the street. Because he doesn't belong in my city. I don't know where he belongs, but he surely doesn't belong here. We New Yorkers used to tolerate him when he was just another grubby real estate hustler masquerading as a big shot. A two-bit playboy lying his way into the tabloids, pretending to be a spokesman, a spokesperson for himself. He was calling it as himself for himself to fool the press into inflating his net worth. A clown. But this city is pretty accommodating. We make room for clowns. Yeah. We have them all over the city. People who do crazy things in the street. We tolerate it. It's part of the city. It's part of the culture. But not a person like Trump who will eventually run the country. That does not work. And we all know that. Anyway, we make room for clowns for each his own. But no one takes him or took him really seriously. They take him seriously now, of course. But around the country. People who didn't know him as we did started to support him. They bought into his bullshit. Trump bought their votes with outrageous lies and empty promises. He got the most religious evangelicals to applaud a sinner who bragged about sexual assault. And just a couple of blocks from here, a jury found him liable for sexual abuse. Somehow, he even got self-styled patriots to support a man who called for terminating the Constitution and on January 6th rallied an angry mob to threaten democracy, leaving death and destruction in its wake. That's why I needed to be involved and wanted to be involved in the new Biden-Harris ad. Because it shows the violence of Trump. And reminds us that he'll be there. He'll be there. He'll use violence against anyone who stands in the way of his megalomania and greed. But it's a coward's violence. You think Trump ever threw a punch himself? Or took one? This guy who ran and hid in the White House bunker when there were protesters outside? No way. He doesn't get blood on his hands. No he doesn't. He directs the mob to do his dirty work for him. By making a suggestion.",tiktok,2024-05-29 23:20:44+00:00,1,0,original_stratified,Qwen/Qwen3-14B,qwen3_14b,0,True,0,
1072779,4,action_orientation,"#duet with @💙Lasha💙 #Duet #voteblue2024💙💙💙 #bidenharris2024🇺🇸🇺🇸 #project2025 :  We're going to make an important announcement today regarding the Bible and the Ten Commandments. The Bible is a necessary historical document to teach our kids about the history of this country, to have a complete understanding of Western civilization, to have an understanding of the basis of our legal system, and is frankly, when we're talking about the Bible, one of the most foundational documents used for the Constitution and the birth of our country. It is essential that our kids have an understanding of the Bible and its historical context. So we will be issuing a memo today that every school district will adhere to, which is that every teacher, every classroom in the state will have a Bible in the classroom and will be teaching from the Bible in the classroom to ensure that this historical understanding is there for every student in the state of Oklahoma in accordance with our academic standards and state law.",tiktok,2024-06-27 22:11:56+00:00,0,0,original_stratified,Qwen/Qwen3-14B,qwen3_14b,0,True,0,
3403290,0,action_orientation,"Replying to @pulse_of_progress #missouri #missourigovenorisgoingtomurderaninnocentman #kansascity #kc #stlouis #stl #savemarcellus #mikeparsons #innocent #man #duet #share #innocenceproject #fyp #viral #joebiden #kamala #trump #coribush #joshhawley :  Hate me, you can never break me Will me, thrill me, you can never kill me Sue me, everybody do me Kick me, don't you black out, wake me All I wanna say is that they don't really care about us All I wanna say is that they don't really care about us All I wanna say is that they don't really care about us",tiktok,2024-09-24 16:16:15+00:00,1,0,positive_enrichment_round1,Qwen/Qwen3-14B,qwen3_14b,0,True,0,
322964,0,action_orientation,"And then the town’s patriots come to help with torches, pitchforks and capital punishment…",truth_social,,1,1,positive_enrichment_round1,Qwen/Qwen3-14B,qwen3_14b,1,True,1,
253165,0,action_orientation,"If it has to do with hate, hell back it.",twitter,2024-05-07 11:55:20+00:00,1,0,positive_enrichment_round1,Qwen/Qwen3-14B,qwen3_14b,0,True,0,
3905533,0,action_orientation,He needs to be thrown in prison just like the Nazi was except he can’t be released ever.,twitter,2024-10-22 20:51:34+00:00,1,1,positive_enrichment_round1,Qwen/Qwen3-14B,qwen3_14b,1,True,1,
295191,0,action_orientation,Every foreigner on a student visa who has been arrested for the pro-Hamas riots should be deported.,truth_social,,1,1,original_stratified,Qwen/Qwen3-14B,qwen3_14b,1,True,1,
706707,1,action_orientation,DNC Invests $2 Million to Win Key Down-Ballot Races in 11 Non-Battleground States DEMOCRATS must be put in prison. ALL OF THE CRIMINALS.,twitter,2024-06-11 00:33:59+00:00,1,1,positive_enrichment_round1,Qwen/Qwen3-14B,qwen3_14b,1,True,1,
3858345,0,action_orientation,Trump will prosecute and deport these vicious animals immediately.And Trump should temporarily resettle them in the neighborhoods and buildings of any politician or judge who gets in the way.,truth_social,,1,1,positive_enrichment_round2,Qwen/Qwen3-14B,qwen3_14b,1,True,1,
715661,0,action_orientation,"For those that want their daughters raped or killed by illegals, Joe Biden is your guy!",twitter,2024-06-11 13:00:53+00:00,0,0,positive_enrichment_round1,Qwen/Qwen3-14B,qwen3_14b,0,True,0,
324729,2,action_orientation,Thank you for your concern but you are too late bcz Biden is still dragging his feet! In fact Biden had made up his mind long ago . Your pleas are futile unless you can gather an armed military response to stop this massacre,twitter,2024-05-10 13:47:10+00:00,1,1,positive_enrichment_round2,Qwen/Qwen3-14B,qwen3_14b,1,True,1,
1867338,0,action_orientation,They’ll end up voting for Biden because they hate Trump and frankly people are starting to see Trump has probably had MORE cognitive decline in 4 years than Biden! Trump called Scott Walker governor of Wisconsin! He hasn’t been governor since 2019! ‍,twitter,2024-07-20 14:35:09+00:00,0,0,original_stratified,Qwen/Qwen3-14B,qwen3_14b,0,True,0,
2258805,0,action_orientation,They should all go to prison.,twitter,2024-08-08 21:47:02+00:00,1,1,positive_enrichment_round1,Qwen/Qwen3-14B,qwen3_14b,1,True,1,
1525360,0,action_orientation,«Versuchtes Attentat» auf Trump - Schock im US-Wahlkampf.Alto a la Violencia! Larga vida a Donald Trump,twitter,2024-07-14 05:11:45+00:00,1,0,positive_enrichment_round1,Qwen/Qwen3-14B,qwen3_14b,0,True,0,
2196585,0,action_orientation,So these have all been vetted? Biden/Harris is setting the United States up for one hell of a terrorist attack. We are on the brink of what will make 9/11 look like a frat prank.,twitter,2024-08-05 23:06:29+00:00,1,0,positive_enrichment_round2,Qwen/Qwen3-14B,qwen3_14b,0,True,0,
431939,0,action_orientation,"Based. Kill the imperialists, no matter what form they take!",twitter,2024-05-16 13:43:49+00:00,1,1,positive_enrichment_round1,Qwen/Qwen3-14B,qwen3_14b,1,True,1,
3716702,0,action_orientation,At this point America would be better off putting all of MAGA in camps just to deprogram them from this insanity,twitter,2024-10-06 22:38:28+00:00,1,1,positive_enrichment_round2,Qwen/Qwen3-14B,qwen3_14b,1,True,1,
3978010,0,action_orientation,"Breaking satire…Sources say MSNBC, in an effort to increase ratings and boost morale after the Trump landslide, has offered the would-be assassins positions as political commentators “Morning Joe” show.",truth_social,,1,0,original_stratified,Qwen/Qwen3-14B,qwen3_14b,0,True,0,
3947989,0,action_orientation,Thanks to the Biden administration that is a possibility. He’s now authorizes the use of the military to shoot protesters. I love the party of kindness and hope.,twitter,2024-10-30 19:03:58+00:00,1,0,positive_enrichment_round1,Qwen/Qwen3-14B,qwen3_14b,0,True,0,
1121076,0,action_orientation,"Enough with decency and principles. President Biden should have ordered Donald Trump and all co-conspirators to be rounded up at dawn on January 7, 2021. He cannot appease these people. They are engaging in an ongoing coup. I hope this isnt his Neville Chamberlain moment.",twitter,2024-07-02 02:13:25+00:00,1,1,positive_enrichment_round1,Qwen/Qwen3-14B,qwen3_14b,1,True,1,
3604910,0,action_orientation,"Trump warned the Iran #donaldtrump #trending #viral #america #trump2024 :  But if I were the president, I would inform the threatening country, in this case Iran, that if you do anything to harm this person, we are going to blow your largest cities and the country itself to smithereens. We're going to blow it to smithereens. You can't do that. And there would be no more threats. There would be no more threats. But right now, we don't have that leadership or the necessary people, the necessary leaders. We have two people, not one. We don't even know who our president is right now. Who is our president right now? We really don't know. But we have two people, not one, that only keep looking. And when you do that, when you just look, trouble always ensues. So it's big trouble for our country. Meanwhile, we have the president of Iran. Iran in our country this week. We have large security forces guarding him, and yet they're threatening our former president and the leading candidate to become the next president.",tiktok,2024-10-01 15:46:06+00:00,1,0,positive_enrichment_round1,Qwen/Qwen3-14B,qwen3_14b,1,True,1,
1531392,0,action_orientation,And there we have it! An innocent person is dead after an assassination attempt on Trump and youre already here pushing your nonsense,twitter,2024-07-14 09:14:14+00:00,1,0,positive_enrichment_round1,Qwen/Qwen3-14B,qwen3_14b,0,True,0,
3837509,0,action_orientation,only until his termination date. Seditious Traitors should all get the Julius and Ethyl Rosenberg spa treatment. Says a friend of mine,twitter,2024-10-12 20:02:27+00:00,1,1,positive_enrichment_round1,Qwen/Qwen3-14B,qwen3_14b,1,True,1,
19340,7,action_orientation,"Israel told the U.S. if Iran launches an attack from its soil against Israel in retaliation for its deadly strike in Syria earlier this week, it would draw a strong response from Israel and take the current conflict to another level, Israeli officials tell Axios. Why it matters: Iranian officials have publicly threatened to retaliate against Israel for the attack that killed a top Iranian official. The Biden administration and the Israeli government are highly concerned Iran is preparing for an imminent attack, U.S. and Israeli officials said. Iranian proxies in Lebanon, Syria, Iraq and Gaza have attacked Israel but there hasn't been an attack from Iranian soil. A direct Iranian strike on Israel would be unprecedented and could lead to a regional war in the Middle East. The latest: Israeli Prime Minister Benjamin Netanyahu said at the top of an Israeli security cabinet meeting on Thursday that Iran has been operating against Israel for years ""both directly and via its proxies, and therefore Israel is operating against Iran and its proxies, both defensively and offensively."" ""We will know how to defend ourselves and will operate according to the basic principle of whoever is harming or planning to harm us — we will harm him,"" he said according to a statement from his office. In their call on Thursday, President Biden and Netanyahu discussed public Iranian threats against Israel. ""President Biden made clear that the United States strongly supports Israel in the face of those threats,"" the White House said. Driving the news: An Israeli strike on Damascus earlier this week killed Brig. Gen. Mohammad Reza Zahedi, a top Iranian Quds Force general in charge of Iran's military operations in Lebanon and Syria. Zahedi was the most senior Islamic Revolutionary Guard Corps (IRGC) officer to be killed since the U.S. assassinated Qassem Soleimani in 2020. He was killed along with six other Iranian officers in an Israeli strike on a building adjacent to the Iranian embassy in Damascus on Monday. What they're saying: The Iranians claim the building was a consulate and said the strike is an attack on its soil in violation of international law. Israeli officials claim it was not a diplomatic facility but a building used by the IRGC for military operations. The spokesman for the IRGC said there will be more lethal attacks against Israel soon. -Axios #israel #iran #breakingnews #palestine🇵🇸 #geopolitics #analysis #prediction #fyp #foryoupage :  So here's three reasons why Iran wouldn't win against Israel and why Israel would actually come out on top. If you're new here, I talk about geopolitics and I am currently in the moment of restructuring my content to be more educational. Now recently, there have been talks about Israel going to war with Iran and things have been kind of heating up in the Middle East, especially after October 7th. You have the Yemen Houthi rebels, you have the Palestinian Islamic Jihad, you have Hamas, and you also have Hezbollah. All four of these groups are tied with Iran. Now before getting into the reasons as to why Israel would win over Iran, please go ahead and follow, like, share, comment, favorite, you know, help me with this algorithm over here. Number one, there is no successor following al-Khamenei's, sorry if I say this wrong, al-Khamenei's death. There have been talks with U.S. analysts saying that if he dies, Iran will be in a very difficult position because of the fact that all of its proxies throughout the Middle East will kind of run rampant without any leadership. And without any leadership within Iran, the Iranian regime would practically crumble. Following October 7th. Israel's strategy currently right now is to eliminate key leadership officials. And just recently, a few days ago, this person was deleted. If anything happens to al-Khamenei, while it would face significant geopolitical repercussions, Israel would come out on top in regards to the conflict because of the fact that without a clear successor, no one really is going to control anything within the Middle East in regards to Iran's proxies. Reason number two, Iranian proxies, as mentioned before in the first reasons. You do have Yemen, Syrian. Palestinian territories, Lebanon, and Iraq. You have all these proxies that are tied with Iran. Iran doesn't rely on its conventional forces. Rather, it uses these proxies in a way to achieve its goals within the Middle East and also at the same time keep its hands clean. Should a war break out with its conventional forces, it might have to rely on the conventional and unconventional forces. But given the fact that, well, for obvious reasons, they have to go through Iraq, Syria, Lebanon, or through Kuwait and Jordan, it will be a lot of political ramifications. Now, granted, they could use their ballistics. They could use their ballistics and cruise missiles. But also keep in mind the United States has funded Israel in regards to their Iron Dome project and several significant anti-artillery and anti-missile capabilities. Third, last but not least, cyber strategy and cyber capabilities. So, Israel has released its cyber strategy in 2017. And as clearly stated, you could also read all of this and find open source intel in regards to Israel. Now, granted, Iran doesn't have one and it's not publicly documented, which, you know, could reveal the fact that they have more capabilities. It relies too much on its proxies and it doesn't rely that much on its conventional forces. If a war were to break out, Iran would receive a significant amount of cyber attacks within its own territories and it's also within its own proxies. In closing, in between with the war of Iran and Israel, Israel will come out on top.",tiktok,2024-04-04 22:46:53+00:00,1,0,positive_enrichment_round1,Qwen/Qwen3-14B,qwen3_14b,0,True,0,
2622233,0,action_orientation,We just watched the vicious overthrow of Biden. I realize you don’t want us to believe our lying eyes. I just wonder when we find out how much $’s he was promised.,twitter,2024-08-21 04:40:00+00:00,1,0,positive_enrichment_round1,Qwen/Qwen3-14B,qwen3_14b,0,True,0,
3065139,0,action_orientation,"How do they go to Church and then vote Dem? - #vote #trump2024 #kamala #biden #government #freespeech #trump2024🇺🇸 #🇺🇸 #maga #corruption #criminals #genx #reddawn #felon #rnc #gop #dnc #fypシ #fypシ゚viral #fypage #constitution #1stamendment #trump2024train #usa #america @President Donald J Trump :  You see here's what the left does if they can't kill your baby in the womb They'll starve them to death later on after they've been born I'm gonna say something right now gonna make about maybe 10 of you mad But I don't care if it makes all of you mad we'll start over next week You know the Bible talks about church discipline right by kicking folks out they cause trouble I'm almost gonna say I'm about to the place. I am to the place I'm to the place right now if you vote Democrat. I don't even want you around this church. You can get out You get out you demon You get out you baby butchering Election thief You cannot be a Christian and vote Democrat in this nation I don't care how mad that makes you you get pissed off as you want to you cannot be a Christian and vote Democrat In this nation they are God denying demons You're babies and hate this nation They hate this nation Get mad all you want to I don't get you stand. I don't get you throw tomatoes praise God I'm about to throw a microphone up in his house See it in to eat my dirty socks. You cannot be a Democrat and a Christian you cannot somebody say amen Rest of you get out Get out Get out in the name of Jesus. I ain't playing your stupid games I'm going to the Supreme Court this Tuesday at noon and I'm gonna raise hell for the life of them babies I'm a race came for Yes, I",tiktok,2024-09-14 15:14:24+00:00,1,1,positive_enrichment_round1,Qwen/Qwen3-14B,qwen3_14b,1,True,1,
3881315,0,action_orientation,A vote for Biden was a vote for genocide. A vote for Harris is a vote for genocide. A vote for Trump is a vote for genocide. A vote for Stein is a vote for humanity.,twitter,2024-10-18 20:06:16+00:00,1,0,positive_enrichment_round2,Qwen/Qwen3-14B,qwen3_14b,0,True,0,
863009,0,action_orientation,I think anyone who claims to be MAGA and has Fascist ideations should be eliminated for the good of our Country. Fascism leads to Death Camps brown-o!,twitter,2024-06-16 14:05:16+00:00,1,1,positive_enrichment_round1,Qwen/Qwen3-14B,qwen3_14b,1,True,1,
3331953,0,action_orientation,IM KNOCKING THAT KITTY-CAT OUTTT! #fyp #CapCut #editor #edit #karasuno #haikyuu #haikyuuedit #kageyamatobio :  Let me get back to the mix house. I'm knocking that kitty cat out.,tiktok,2024-09-22 17:40:39+00:00,1,0,original_stratified,Qwen/Qwen3-14B,qwen3_14b,0,True,0,
3109091,0,action_orientation,Best be lawyering up ya freak Kamala Harris Sr. Adviser David Plouffe Previously Called for Extermination of Donald Trump and ‘His Kind’,twitter,2024-09-17 01:54:11+00:00,1,0,positive_enrichment_round1,Qwen/Qwen3-14B,qwen3_14b,1,True,1,
538377,0,action_orientation,The MAGA maniacs have got to go!,twitter,2024-05-25 08:08:11+00:00,1,1,positive_enrichment_round2,Qwen/Qwen3-14B,qwen3_14b,1,True,1,
921594,0,action_orientation,We should exterminate the whole human race to save earth! Is that the next battle cry of the Democratic Party?,twitter,2024-06-18 15:27:07+00:00,1,0,positive_enrichment_round1,Qwen/Qwen3-14B,qwen3_14b,1,True,1,
3135076,0,action_orientation,The Democratic Party should be properly designated as the domestic terrorist organization it is!,twitter,2024-09-17 19:03:23+00:00,1,1,positive_enrichment_round1,Qwen/Qwen3-14B,qwen3_14b,1,True,1,
1057397,0,action_orientation,The DNC hired MS-13 to murder Seth Rich. They called it a robbery but he wasnt missing anything. Donna Brazil and someone else cant remember her name maybe Loretta Lynch ? made it to the hospital before the ambulance carrying Seth Rich did. Think about that for a minute.,twitter,2024-06-25 22:28:05+00:00,1,0,positive_enrichment_round1,Qwen/Qwen3-14B,qwen3_14b,0,True,0,
994829,0,action_orientation,"You bring MAGA together, and demote yourself in the process, keep going.",twitter,2024-06-21 10:59:43+00:00,0,0,original_stratified,Qwen/Qwen3-14B,qwen3_14b,0,True,0,
622680,5,action_orientation,"Jacob zuma warns the iec not to release the results #southafrica #sa #southafricantiktokers🇿🇦 #politics #jacobzuma #elections2024 :  The former South African President Jacob Zuma warns against releasing election results. Former President Jacob Zuma has cautioned the Independent Electoral Commission not to release the election results on Sunday until allegations of vote-reaching are addressed. The MKP has declaimed it has evidence of these allegations. Zuma stated, No one should declare the elections. Don't provoke us.",tiktok,2024-06-01 22:38:21+00:00,1,0,positive_enrichment_round1,Qwen/Qwen3-14B,qwen3_14b,0,True,0,
264491,5,action_orientation,"A more appropriate use of Guantanamo prison and Riker’s Island is to lock up Biden, Anthony Blinken, Loyd Austin, every single AIPAC politician in congress, high ranking Israeli military officials and Israeli government officials.",twitter,2024-05-07 18:36:04+00:00,1,1,positive_enrichment_round1,Qwen/Qwen3-14B,qwen3_14b,1,True,1,
3797273,9,action_orientation,"Ha, wonder why we didn't hear about thism? Make sure to SHARE or even make your own video and spread the word  #trump  #biden  #news  #share  #trump2024🇺🇸  #wow :  Did you guys hear about the terrorist plot? I, I sure the fuck did. I can only guess why. An Afghan national was arrested by the FBI because he had an election day terrorist plot. Afghan national living in Oklahoma City was charged on Tuesday with conspiring to conduct a terrorist attack. Along with his brother-in-law. And believed to be plotting the terrorist attack on behalf of ISIS. Ha, he came to the United States in 2021. Gosh, how come I can remember that year? Oh, that was when Harris and Biden vetoed the immigration bill that Trump had. And started letting all these immigrants in. FBI said in court during the same period about 1,000 Afghans were relocated to Oklahoma City. And thousands more across other cities in the U.S. When the Taliban took over their country. Another thing Biden and Harris fucked up. By the way. I see. He was living in an apartment. His brother-in-law was attending some high school as a virtual student. According to the FBI. Dude and his brother-in-law arrested Monday after purchasing two AK-47 rifles and ammunition from an undercover FBI employee. Dude admitted he and his brother-in-law bought the guns to commit an attack on election day. Targeting large gatherings of people. Isn't that fucking sweet? Thank you Biden. And Harris. Thank you for letting these people in our country.",tiktok,2024-10-10 17:48:45+00:00,1,0,positive_enrichment_round1,Qwen/Qwen3-14B,qwen3_14b,0,True,0,
1773003,0,action_orientation,"Trump Let Me Get My Shoes Shirt#trump #trump2024 #donaldtrump #felon #2024elections #election #trumpsupporters #trump2024🇺🇸 #letmegetmyshoes :  This is how close we were to history being completely rewritten. Had he not turned his head the moment the shot was fired, it would have hit the back of his skull. We also have this photo here showing the bullet in the frame. Here's another similar illustration of his head movement. For those that were saying this was staged, Donald Trump would have needed Superman.",tiktok,2024-07-18 17:12:20+00:00,1,0,positive_enrichment_round1,Qwen/Qwen3-14B,qwen3_14b,0,True,0,
414983,0,action_orientation,#duet with @Professional Asshole #fypシ゚viral #fyp #fyppppppppppppppppppppppp #fjb #maga #magacountry #americafirst #MAGAKING #mypresident #trump2024 :  public service announcement to all these corrupted ass officials in the government if america gonna burn so shall the motherfuckers that poured the gasoline and lit the match america first fuck y'all,tiktok,2024-05-15 09:48:16+00:00,1,1,positive_enrichment_round1,Qwen/Qwen3-14B,qwen3_14b,1,True,1,
515096,1,action_orientation,They killed JFK why wouldnt they kill Trump.,twitter,2024-05-23 02:24:50+00:00,0,0,original_stratified,Qwen/Qwen3-14B,qwen3_14b,0,True,0,
1391831,0,action_orientation,"I’d say deport all MAGA traitors, but you having to live in a backward hole like Alabama is probably punishment enough.",twitter,2024-07-11 14:17:38+00:00,1,1,positive_enrichment_round2,Qwen/Qwen3-14B,qwen3_14b,1,True,1,
297458,0,action_orientation,Let us hope the construction battalions had authority to shoot,truth_social,,1,1,positive_enrichment_round1,Qwen/Qwen3-14B,qwen3_14b,0,True,0,
824492,0,action_orientation,Well if Biden’s gonna use F16’s on American Citizens?,twitter,2024-06-14 21:16:43+00:00,1,0,positive_enrichment_round1,Qwen/Qwen3-14B,qwen3_14b,0,True,0,
2252,5,action_orientation,"#trumpisunfitforoffice #trumpisunwell #trumpisadisgrace #trumpisanationaldisgrace #trumpisgoingtoprison #trumpforprison #trumpisaclownn :  We will defend you. If you have illegal aliens invading your home, we will deport you.",tiktok,2024-04-02 23:17:23+00:00,1,1,positive_enrichment_round1,Qwen/Qwen3-14B,qwen3_14b,1,True,1,
1659393,3,action_orientation,"honestly it seems like there are a ton of more worthy conservative women to bring on stage, even if she is conservative now. To me she is just going with what is hot now, since conservatism is having a resurgence. He values are absolute shit and I think she still advocates for",twitter,2024-07-16 20:34:08+00:00,0,0,original_stratified,Qwen/Qwen3-14B,qwen3_14b,0,True,0,
508420,6,action_orientation,"#revolution #nomore #sickofit #letsgobrandon #genx #reddawn #justsayno :  Interesting sentence in the Declaration of Independence that we will read. Let's see if we can find it. So it says, whenever any form of government becomes destructive of these ends, it is the right of the people to alter or to abolish it and to institute new government, lay its foundation on such principles. So we can change the government. It's a right. This is something fundamental. You're going to live under laws because of the kind of thing you are. And if you live under bad laws, you're going to be miserable. And it's very common for people to live under bad laws. And that's one of the points of this document, the Declaration of Independence. We need good laws. And if we don't get them, we have a right to rebel. And that means kill the people who deny them to us. Which is what they proceeded to do after this document.",tiktok,2024-05-22 18:13:23+00:00,1,1,positive_enrichment_round1,Qwen/Qwen3-14B,qwen3_14b,1,True,1,
3461455,0,action_orientation,"- Mandatory ECT and deprograming for all MAGA types. - Free education through public college or trade school. - Free medical care for all, without any donut hole, &amp; negotiation with drug companies permitted across the board. - Women free to control their own bodies.",twitter,2024-09-25 23:39:01+00:00,1,1,positive_enrichment_round1,Qwen/Qwen3-14B,qwen3_14b,0,True,0,
3642349,4,action_orientation,"#usa #veterans #fyp #army #mitary #debate #election #swift #netflix #truth #harris #trump #gottasee #marins #airforce #mititary #navy@TizzyEnt @Danesh @AlecBaldwin.Official @Conservative With Amala @Kamala Harris :  Folks, I was going to bed when I saw a fucking video. When something pisses me off, I'm coming to fucking TikTok to talk about it. And of course, it's that fucking bastard, that morbidly obese, orange, cocksucking motherfucker, Donald Trump. Let me read something to you. He was asked by a reporter. And in response to a question about Iran injuring 100 U.S. troops in 2020, Trump suggests they weren't really hurt because they had a headache. He then says Iraq when he means Iran. And then he attacks the reporter and says that she's basically stupid and a fake question. That was when he was talking about traumatic head injuries or headaches. I'm going to say this again. I'm going to say it with all the motherfucking anger I can possibly fucking say it. You, MMFDs, maggot motherfucking veterans, who still support... This motherfucker who's a treasonous fucking traitor, who constantly runs us down. I'm not a sucker to lose. You see what my shirt says? I'm a veteran, not a sucker to lose. He calls us that. All the fucking things he's fucking done to us. You motherfuckers still support him. Well, I said this about January 6th, and I'm going to say it again, but I'm going to add a fucking caveat. If you veterans who went to the fucking Capitol on January 6th, trying to overthrow... The free and fair election, because Trump fucking told you, because he's a lying motherfucker, that it was rigged, you should be not only locked the fuck up, you should lose every motherfucking VA benefit you got. I don't care if you got PTSD. I don't care if you lost your left fucking nut. I don't give a shit if you can't get an erection no more. I don't give a fuck. Because you're a treasonous traitor. And I'm going to add this caveat. Any motherfucking veteran that votes for this motherfucker who constantly fucking attacks us, you and your service are nothing anymore. They don't mean shit. You're a fucking treasonous traitor. You motherfuckers should lose your fucking VA benefits and your motherfucking retirement. Because you sold out the treason. I took the oath. You took the oath. You spit on the motherfucking oath. I did. And here's the thing for you maggot motherfucking veterans that want to talk all the shit that you do because you can't stand that I roast you in New York. I don't give a fuck if you're a Republican. I don't give a fuck if you stay home because you just can't vote for Vice President Harris because you don't want to save democracy. You're a piece of shit for that. But that's fine. Anybody else on that front line, on that fucking stage that ran against them, I ain't like any of them. They didn't try to overthrow the fucking government. They didn't constantly talk about the military like this motherfucker does. Fuck you Donald Trump. Fuck you. November 5th we are going to vote in record motherfucking numbers and we are going to defeat your twice impeached, 34 times convicted of felonies so far. Adjudicated rapist. Liable for fraud. Misogynistic, pig, lying grifter who signs fucking bible. But for you veterans there's no law. He can't say anything. He could sleep with your fucking wife. I don't even want to say the next thing that I'm going to say. I'm not going to say it I should say because I'm not going to get fucking banned from TikTok. But I think many people can read between the lines how disgusting and vile that he could do to them, to someone in their family and they would still stand by him. This motherfucker is rotten to his fucking core and you motherfuckers are too. And I don't give a fuck how bad you get at me. You are treasonous traitors. You don't deserve to have the fucking retirement checks or the motherfucking VA benefits that you get. Because this isn't your business. Because this isn't you voting against a democrat. You're backing a treasonous traitor. I wish you motherfuckers would get on Trump's plane that you donated money to for and go to fucking Russia. Because that's who you should be with. And then try your bullshit there and see how many motherfucking windows you conveniently fall the fuck out of for pulling the shit that you do in there. I fucking said it. You don't fucking like it. I don't give a fuck. I'm tired of you fucking Trump. I'm fucking tired of you. I will be there early to vote against you, motherfucker. Even though I know the state of Indiana is gonna go fucking win for fucking you. I don't give a fuck. They ain't gonna get my vote. Fuck you now. Fuck you tomorrow. And fuck you forever, Trump. You rotten bastard.",tiktok,2024-10-03 00:46:42+00:00,1,1,original_stratified,Qwen/Qwen3-14B,qwen3_14b,1,True,1,
2412551,4,action_orientation,Call Biden/Harris Tell them “You are going to live here with you GUESTS “ DEMONcRATS are Pure Evil Sold Souls. VOTE THEM OUT then Gitmo,twitter,2024-08-14 10:14:15+00:00,1,1,positive_enrichment_round1,Qwen/Qwen3-14B,qwen3_14b,1,True,1,
199220,4,action_orientation,"On 9/11, NASA astronaut Frank L. Culbertson, Jr. was the only American not on the planet that fateful day. Over 200 miles above Earth - inside the International Space Station with two Russian cosmonauts - Culbertson could see smoke billowing over New York City. Culbertson, who brought his trumpet aboard the #ISS, played ""Taps"" as he captured videos and photos of Ground Zero for #NASA. #NationalSpaceDay #space #fyp #foryoupage #neverforget911 #911museum #nyc #history :  remain, we could see New York City and the smoke from the fires. Our prayers and thoughts go out to all the people there and everywhere else here. I'm looking up and down the East Coast to see if I can see anything else and to the people in Washington. And Frank, that's an accurate assessment. And I hope that the people responsible are caught and brought to justice as soon as possible. But first, our prayers and condolences to all involved. And I just wanted the folks to know that their city still looks very beautiful from space. I know it's very difficult for everybody in America right now. And I know folks are struggling very hard to deal with this and recover from it. But the country still looks good. And for New Yorkers, your city still looks great from up here.",tiktok,2024-05-03 17:10:58+00:00,1,0,positive_enrichment_round1,Qwen/Qwen3-14B,qwen3_14b,0,True,0,
3257559,0,action_orientation,"Thats what I like to see: GUYS FOR TRUMP. Wait what? No not GAYS. GAYS for jail, GUYS FOR TRUMP.",twitter,2024-09-20 16:48:45+00:00,1,1,positive_enrichment_round1,Qwen/Qwen3-14B,qwen3_14b,1,True,1,
2503752,4,action_orientation,"WHO would’ve thought when Giuliani Brought the mob down which we all know they’re not really down, but that’s besides the point,it would be a BIGGER MORE EMBOLDEN mirror &amp;DANGEROUS CRIME FAM to TAKE OVER called GOP Giuliani INC,WE THE PPL WILL BRING THEM DOWN&amp;END P2025 USGOT IT",twitter,2024-08-17 02:24:36+00:00,1,1,positive_enrichment_round1,Qwen/Qwen3-14B,qwen3_14b,1,True,1,
683256,0,action_orientation,JAG Hanged Bidens Chief Science Officer for Treason at GITMO. To good not to post now. Bless all you soldiers,twitter,2024-06-10 01:37:57+00:00,1,1,positive_enrichment_round1,Qwen/Qwen3-14B,qwen3_14b,1,True,1,
2623065,0,action_orientation,Such incompetence!Democratic delegates approve platform with mistake mentioning Bidens second term,twitter,2024-08-21 06:06:43+00:00,0,0,original_stratified,Qwen/Qwen3-14B,qwen3_14b,0,True,0,
3642808,4,action_orientation,"We have to keep fighting!! GOOD OVER EVIL THIS IS MY PAGE AND MY OPINION. I DONT ARGUE, I BLOCK. IM MORE OF A FAFO PERSON, YA KNOW…. SHOW ME YOURE UGLY AND BYE FELICIA  👋👋@𝘼𝙪𝙨𝙩𝙞𝙣ᶠᵒʳᵐᵃᶰ🅰🅵🅵🐓🇺🇲 @𝘼𝙪𝙨𝙩𝙞𝙣ᶠᵒʳᵐᵃᶰ𝐀𝐅𝐅🐓🇺🇲 @Preston Myers @President Donald J Trump #fyp #fypツ #fypage #austinfcknforman #AFF #fypシ゚viral #donaldjtrump :  Hi. I don't know who needs to hear this, but there's so much shit going on in the world right now. So many losses. So many people are devastated. There's so much crime. So much ditty. So much of everything. It's like good versus evil. And I'm not. I believe in God. I am not a person who goes to church every day, but I do talk to God every day. And I truly feel like this is good versus evil. That this whole period right now is good versus evil. Been alive a long time. A long time. And I have never seen the shit that I've seen in these last few years. I just want to say, if you're feeling lost, if you're feeling confused, confused. If you're feeling any sort of way and you're hurting, remember, remember when President Trump got shot and he stood back up and he said, fight, fight, fight. We have to keep fighting. It's hard. We're broke. We have no money. We have no resources, but we have to keep fighting. So good wins. God bless you all.",tiktok,2024-10-03 01:17:38+00:00,1,0,positive_enrichment_round1,Qwen/Qwen3-14B,qwen3_14b,0,True,0,
1500899,0,action_orientation,Biden and the xtreme democrats crazy dog whistling causing assination attempts,twitter,2024-07-13 23:04:11+00:00,1,0,positive_enrichment_round1,Qwen/Qwen3-14B,qwen3_14b,0,True,0,
3748720,0,action_orientation,"Tampa Mayor Warns Before Hurricane Milton: You Stay You DieMayor Jane Castor: I can say, without any dramatization, whatsoever, if you choose to stay in one of those evacuation areas, youre going to die.",truth_social,,1,0,original_stratified,Qwen/Qwen3-14B,qwen3_14b,0,True,0,
781963,0,action_orientation,"When your family are traitors that have American blood on their hands, there are no limits. They dont give AF about our dead kids!",twitter,2024-06-13 14:31:19+00:00,1,0,positive_enrichment_round2,Qwen/Qwen3-14B,qwen3_14b,0,True,0,
2155191,0,action_orientation,1 of 2:THURSDAY’s InTheLitterbox w/JewelsJones &amp; Catturd2 Ep.617: “FAKE or FIGHT!”Male Boxer Beats WonanTrump’s Big NABJ Win!FIGHT! FIGHT!,truth_social,,1,0,positive_enrichment_round1,Qwen/Qwen3-14B,qwen3_14b,1,True,1,
97134,0,action_orientation,Cuttin up all summer ☀️🔥#motorcyclesoftiktok #bikelife #gopro360max #fyp #looktwice :  Outro Music,tiktok,2024-04-20 04:07:08+00:00,0,0,original_stratified,Qwen/Qwen3-14B,qwen3_14b,0,True,0,
360917,5,action_orientation,"Replying to @skootrmari 🍉🇿🇦 good talk ❤️ #letsgobrandon #trump #trump2024 #cloutchaser #cloutchasing #troll #clapback #fyp #foryou #foryoupage #fypage #fy :  So after having a long, what felt like very long to me, discussion, we'll call it a discussion, with Scooter Marie here, regarding a video that was about women's rights. This is how this person wants to end said conversation. Ma'am, you're a disgrace to women everywhere. Get back in the kitchen where you belong. I'm going to tell you right now, Scooter Marie, I'm not a very good cook. I'm exceptional at cleaning and doing yard work. But I will say the one thing I'm good at is cooking people like you.",tiktok,2024-05-11 21:33:14+00:00,0,0,positive_enrichment_round1,Qwen/Qwen3-14B,qwen3_14b,0,True,0,
3701976,0,action_orientation,"Once the weather changes, there wont be enough body bags.",twitter,2024-10-05 22:34:35+00:00,1,0,positive_enrichment_round1,Qwen/Qwen3-14B,qwen3_14b,1,True,1,
2590967,0,action_orientation,#cancelX. Elon musk needs to be done in US.  no other country puts up with his BS why should we! #politics #donaldtrump #maga #republican #voteblue2024 #timwalz #democrat #kamalaharris :  You're a douchebag. Don't try to hide it. There's nothing you can do or you can say. You're a douchebag.,tiktok,2024-08-20 05:50:25+00:00,1,0,original_stratified,Qwen/Qwen3-14B,qwen3_14b,1,True,1,
2326554,0,action_orientation,"This guy only threw a tomato at rally in Iowa and: Donald Trump Tells Crowd to ‘Knock the Crap Out Of’ Hecklers! How would he have treated the rioters in the Say they were not rightwing riots, for the sake of the argument!",twitter,2024-08-11 07:07:35+00:00,1,0,positive_enrichment_round1,Qwen/Qwen3-14B,qwen3_14b,1,True,1,
464398,0,action_orientation,"Poetry by Donald Trump because somebody out there must get really enjoy it yw, its almost comical to me but whatever floats your boat maan.",twitter,2024-05-18 10:22:24+00:00,0,0,original_stratified,Qwen/Qwen3-14B,qwen3_14b,0,True,0,
3849266,0,action_orientation,Good Morning Stacie I would love if we could rid ourselves of Donald Trump. Sending you and Everyone Positive Vibes Get Up Stand Up Bob Marley and the Wailers,twitter,2024-10-14 11:02:40+00:00,1,0,positive_enrichment_round1,Qwen/Qwen3-14B,qwen3_14b,1,True,1,
3431637,0,action_orientation,"Market News on September 25 - U.S. Congressman Tom Emmer Sharly criticizes Gary Gensler, calling him the lawless chairman of the SEC - Iran is reportedly planning to assassinate Donald Trump ahead of the elections - The SEC delays its decision on trading options for",twitter,2024-09-25 10:03:56+00:00,1,0,positive_enrichment_round1,Qwen/Qwen3-14B,qwen3_14b,0,True,0,
2090300,0,action_orientation,"#donaldtrump #presidente #ultimahora🚨 #usa🇺🇸 #fypシ゚viral #politica #joebiden #inmigrantes #information #votaciones :  Mucha atención, si eres un inmigrante indocumentado en Estados Unidos, ve haciendo tus maletas porque pronto Donald Trump te va a deportar. Esas fueron las palabras esta noche de J.D. Vance, el candidato republicano a la vicepresidencia de Estados Unidos. Así es mi gente, si no me creen, solo escuchen. Comienza a montar tus maletas ahora mismo porque Donald J. Trump se va a volver a la oficina. Comienza a montar tus maletas ahora mismo porque Donald J. Trump se va a volver a la oficina.",tiktok,2024-07-28 06:06:33+00:00,1,0,original_stratified,Qwen/Qwen3-14B,qwen3_14b,1,True,1,
880403,5,action_orientation,"I put nothing by Democrats (ie communist traitors). If they believe Trump is unbeatable, they will: A) Replace Biden at convention as Ive predicted for 2 yrs.B) New pandemic.C) Waves of terror attacks.D) Start WW3.&amp; E) Encourage civil war.",truth_social,,1,0,positive_enrichment_round1,Qwen/Qwen3-14B,qwen3_14b,1,True,1,
2981594,7,action_orientation,"#greenscreen #election2024 #voteblue #bluedotinaredstate #fyp #foryoupage #harriswalz2024 #jimjordan #tamiewilson #ohio #uscongress #rfkjr :  So you guys, I don't live in Ohio, but if I did, I'd be doing everything I possibly could to get this POS out of Congress. That's Representative Jim Jordan. He represents Ohio's 4th District. And he's also the chairman of the House Judiciary Committee. I don't know if you saw the meeting this morning, but Representative Eric Swalwell from California, well, you just gotta watch. Each of you, each of you came here today, not easily, but you expected a serious forum. You are serious. This issue is serious. They are not serious. The chairman yesterday tweeted, are the aliens, the chairman yesterday tweeted, when President Trump was in office, the border was secure. And illegal aliens weren't eating your pets. He also then tweeted, again, knowing that you're going to come here to talk about your loved ones who were lost, you would expect some seriousness, some gravitas, respect for the people who came here. What in the hell is this? The chairman tweets, protect our ducks and kittens in Ohio because he goes down some crazy rabbit hole, completely debunked. He also tweeted, are the aliens, the chairman, the president, the president, and the president, are you okay with the fact that aliens are eating pets? My God. Are you okay, Mr. Chairman? Because last year, for a very long time, you tweeted and promoted Kanye West as he was calling for genocide against the Jews, and you kept it up. And now, when we have victims coming here, you're tweeting this nonsense. I don't know why you would do this. I hope you're okay. I don't know if the aliens who are eating your ducks are in the room with us right now, but, Mr. Chairman, this is a serious issue. These people have loved ones who have been lost, and you tweeted this. So I am sorry that you came here expecting seriousness. You are serious. They are not. And you deserve a hell of a lot more than what you're getting from them. And I yield back. Gentlemen, yield. I yield back. The gentleman from Wisconsin is recognized. So, did the same brain worm that infested RFK Jr., did it wiggle its way out and just crawl right into Jim Jordan's brain? I mean, come on. Seriously? Come on. Anyway, this girl, this lovely lady here, Tammy Wilson, she's running against Jim Jordan. Jim is actually a voulez la femme person. Where was she devastated at Jim Jordan? Yeah. Choices, we have them. Ohio, please. This is the assignment. Do... The assignment. Okay. Thanks.",tiktok,2024-09-10 22:11:35+00:00,1,0,positive_enrichment_round1,Qwen/Qwen3-14B,qwen3_14b,0,True,0,
246970,0,action_orientation,Its almost as bad as attacking a concert and massacring those in attendance,twitter,2024-05-07 02:22:30+00:00,1,0,positive_enrichment_round1,Qwen/Qwen3-14B,qwen3_14b,0,True,0,
502900,0,action_orientation,HORRIFIC: Atlanta Jewish Bakery Receives Threatening Postcard That Says Gas the Jews,truth_social,,1,0,positive_enrichment_round2,Qwen/Qwen3-14B,qwen3_14b,0,True,0,
3142730,0,action_orientation,What do you mean? There were threats to assassinate Kamala / Biden in posts that were deleted by X? Or there is a post from Elons account about assassinations of Kamala / Biden?,twitter,2024-09-17 21:47:35+00:00,1,0,positive_enrichment_round2,Qwen/Qwen3-14B,qwen3_14b,0,True,0,
957407,0,action_orientation,Deport every Republican to Russia.,twitter,2024-06-19 18:41:44+00:00,1,1,positive_enrichment_round2,Qwen/Qwen3-14B,qwen3_14b,1,True,1,
3936186,0,action_orientation,Right. Let’s guess who is setting fire to drop off boxes in Blue cities. MAGA playbook.,twitter,2024-10-29 13:35:18+00:00,0,0,original_stratified,Qwen/Qwen3-14B,qwen3_14b,0,True,0,
3324008,0,action_orientation,That was much funnier than an SNL skit &amp; not beyond the realm of possibility.,truth_social,,0,0,original_stratified,Qwen/Qwen3-14B,qwen3_14b,0,True,0,
3439018,0,action_orientation,going on national TV and saying Donald Trump must be extinguished for good is disgusting and appalling! How dare you say that abt an American citizen and former president,twitter,2024-09-25 15:11:51+00:00,1,0,original_stratified,Qwen/Qwen3-14B,qwen3_14b,0,True,0,
223525,1,action_orientation,"When you accuse Israel of genocide, thats antisemitic, writes Jeff Jacoby. But even a self-described purveyor of conservative cheer in the midst of a dusty liberal wilderness knows this is wrong. No state or nation is *above* genocide. We are veering into dangerous terrain.",twitter,2024-05-05 00:22:32+00:00,1,0,positive_enrichment_round1,Qwen/Qwen3-14B,qwen3_14b,0,True,0,
2750230,0,action_orientation,"#jdvance #kamala2024 #vote #election2024 :  The zoo has come to town. Did you hear that fellas? I said the zoo. You know anything sweet? You know anything sweet? Get something sweet. The zoo has come to town. I'm kidding, it's a murder from vice president, you'll see it. Okay. He said, okay. What is that cake? Caramel. Just everything, yeah, it'll be a lot of glaze, tears, some sprinkle stuff. I want a slice of that, caramel is like my favorite. Some rolls, just whatever it says. Way to take absolutely zero interest. I don't know if you understand this, somebody probably poured their entire life and dreams into that shop. Okay, oh chocolate and caramel? Fantastic. Yeah boys, another one doesn't want to be on camera with me. Do you think I'm the problem? No, I couldn't possibly be the problem. Thank you all very much, thank you. Thank you for letting us come in here. Thank you. Yes sir. Yeah. The only person I've ever seen this miserable in a donut shop is my father. He was diabetic.",tiktok,2024-08-30 00:52:19+00:00,1,0,positive_enrichment_round1,Qwen/Qwen3-14B,qwen3_14b,0,True,0,
3690732,7,action_orientation,"#duet with @XXavierXX ( AFF 💪🇺🇸🦅 ) #viralvideo #greenscreen #affnation😎🇺🇲 #genxers4TRUMP💪🏽🇺🇸 #4theCONSTITUTION💪🏽🇺🇸 #trump2024🇺🇸 #jdvance2024💪🏽🇺🇸 #demandjustice💪🏽🇺🇸👮🏻‍♂️ :  What's up, TikTok? What's up, AFF family? Hope you're all having a great night. I'm out enjoying a fire. So, Mayorkas came out and said that FEMA doesn't have any funds to make it through hurricane season. So, that being said, I expect that there's no illegal immigrants getting any more money from you guys either. No more free food stamps, no more fucking cash cards, no more cell phones or hotel visits or cars, free clothes, none of that shit. So, if you don't have any money to help the hurricane victims, then you don't have any more fucking money to give them another fucking penny. I said what I said, and I don't give a fuck. And I know a lot of things that I say ruffle little feathers, but anybody that knows me, knows I don't give a fuck. If I ruffle your feathers, then I don't care. I don't give a fuck. But if you don't have any money for the people that are suffering right now from the hurricanes, then you ain't got another fucking nickel for illegal immigrants. You don't got another fucking penny for all these fucking illegals that come here. Nothing. No more food, no more fucking cash, no more cell phones, no more hotel stays, nothing. They better not be getting... any kind of fucking... benefits. If you ain't got money to help true Americans, people that have lived here and worked here, and been through your bullshit fucking last three and a half fucking years, four years. I said what I said. Because if you're broke and FEMA's broke, then... the immigrants aren't getting anything else, right? Right? As they cross the border, they're not getting anything? They're not getting anything? Start handing out job applications? Right? Right before they get sent back when Trump 2024 takes office and ships them all the fuck back? I think they should pack up Mayorkas and take him too. He looks like he did too many whippets as a child. He just looks like a fucking weasel. This is fucking disgusting the way you're treating true Americans. Because all the fucking Democrats give a fuck about is a vote. That's all they care about is a vote. Once they get their vote, they don't give a fuck about you for another three and a half years. And that's the fucking bottom line. And that's the truth. They only try to pander to you to try to get your fucking vote every four years. And if you're dumb enough to fucking believe their bullshit and fucking vote for them, then you deserve everything you're about to get. You deserve everything that you get. I don't want to hear you bitching about high prices. I don't want to hear you bitching about shit. And that's the bottom line. You want true America? You want great America? Vote Trump 2024.",tiktok,2024-10-05 06:46:11+00:00,1,1,positive_enrichment_round2,Qwen/Qwen3-14B,qwen3_14b,1,True,1,
990391,0,action_orientation,Confession Should Lead To Death: One of Joe Bidens illegal aliens raped a 13 year old girl and confesses. This ones easy. No deportation. He has NO rights. Swift punishment may up being the only answer to stop Bidens illegal hoards.,twitter,2024-06-20 23:12:00+00:00,1,1,original_stratified,Qwen/Qwen3-14B,qwen3_14b,1,True,1,
2713400,2,action_orientation,"ITS HOT AS A MF🤦🏾‍♂️ #tiktok #tiktokindia #xybca #xzyabc  #fy #fyp  #foryoupageofficiall #fun #fypviralシ #fp #fpyシ #fpv  #fo #viralvideo #trendingsong #fps #fp #4fun #whytefolkz #whyteslime #funnyvideos #funnyvideo #funny #skit #kevingates #taylorswift #rodwave #boston #tpain #moneybaggyo #youngdolph #diy #diyproject #build #building #carpenter #joebiden #money #boosie #boosiebadazz #skit :  It's hot out here. I keep her on 70. Fuck you, man. I'm talking about, it's ice-sickling, white folk out. Yeah. Baby can't even get up and go piss, it's so cold.",tiktok,2024-08-27 21:54:59+00:00,1,0,positive_enrichment_round1,Qwen/Qwen3-14B,qwen3_14b,0,True,0,
238977,7,action_orientation,"Absurd TV: Solutions. A plan of action to help #JoeBiden with his #CollegeProtest #crisis . #Gaza  https://rumble.com/v4tkho9-absurd-tv-solutions.html:  Good morning and welcome to Absurd TV. Welcome to my bad hair day. I was up all night tossing and turning once again thinking of the problems of the world and what to do with the college protesters around the country peacefully protesting as they break things. And it came to me out of nowhere. Well probably out of the dark recesses of my mind. But I remembered that Joe Biden and his administration have been flying illegals in by plane and dropping them off in various cities around the country so they could, well, anti-assimilate. Whatever. And I thought, wow, this could be a win for Biden. And he needs one. I think what he should do is round up all of the college protesters. Put them on airplanes and fly them to Palestine, which could be difficult since it doesn't exist. But he could drop them off in Gaza, maybe using the new Piri's building as a drop off point. And these young individuals who are willing to fight for the freedom of the Palestinians and Hamas and Gaza would be given the opportunity to put them on planes. And I think that's what I'm going to do. I'm going to do it. I'm going to do it. I'm going to do it. I'm going to do it. I'm going to do it. I'm going to do it. I'm going to do it. I'm going to do it. And that's why we need action to their works, to stand up and be bold and brave. And while we're at it, maybe we should load up a couple of other planes with Lindsey Graham and many, many members of our Congress, and send them to Ukraine. Just a thought, just trying to help you out, Joe, it could happen. Peace out.",tiktok,2024-05-06 18:55:18+00:00,1,1,positive_enrichment_round1,Qwen/Qwen3-14B,qwen3_14b,1,True,1,
2407698,0,action_orientation,Round up those in the NWO and drop them down an erupting volcano problem solved. They say the only way to kill a virus is to put it under extreme heat,twitter,2024-08-14 02:18:34+00:00,1,1,original_stratified,Qwen/Qwen3-14B,qwen3_14b,1,True,1,
2289622,0,action_orientation,"Joe Biden explaining to the CIA why it’s absolutely in the United States’ best interests that they send a couple of operatives over to the house of an edgy comedian who hadn’t been relevant since when Bush Jr. in office, get him drunk, and then push him out of a window:",twitter,2024-08-09 22:41:00+00:00,1,1,positive_enrichment_round1,Qwen/Qwen3-14B,qwen3_14b,0,True,0,
1007555,3,action_orientation,"The wingnuts who commit crimes clearly didn’t are about the 10 commandments! What MAGA wants is to eliminate other religions, particularly Judaism &amp; Islam! They want an Evangelical Christian state with no freedoms! Those who refuse to obey, will be “marked” or encamped!",twitter,2024-06-21 20:24:03+00:00,0,0,original_stratified,Qwen/Qwen3-14B,qwen3_14b,1,True,1,
2638986,0,action_orientation,The jew coup known as 9-11 allowed them to put their destructive plans into high gear.,twitter,2024-08-21 20:53:51+00:00,1,0,original_stratified,Qwen/Qwen3-14B,qwen3_14b,0,True,0,
335292,1,action_orientation,"Obviously we’re in much better hands with Biden as POTUS when violence breaks out, than if trump secures that spot. The violence will probably be at his direction.",twitter,2024-05-10 20:27:39+00:00,1,0,positive_enrichment_round1,Qwen/Qwen3-14B,qwen3_14b,0,True,0,
2571905,0,action_orientation,"No, conservative should be without America, there will be no religion",twitter,2024-08-19 21:32:41+00:00,1,0,positive_enrichment_round1,Qwen/Qwen3-14B,qwen3_14b,0,True,0,
3887391,0,action_orientation,This presents the opportunity for you to claim Biden had the SS assist Trump in that assasination plot and its the callers job to find the connection. Send em off to waste their time. Keep em busy chasing Mythology!,twitter,2024-10-19 10:30:47+00:00,1,0,positive_enrichment_round1,Qwen/Qwen3-14B,qwen3_14b,1,True,1,
3613187,0,action_orientation,Hell yea! So who we arrest for deposing Biden in a bloodless coup? Disenfranchising 81 MILLION voters. I’m all in.,twitter,2024-10-01 22:35:23+00:00,1,1,positive_enrichment_round1,Qwen/Qwen3-14B,qwen3_14b,1,True,1,
3919436,0,action_orientation,"This is setup if they lose, create riots, force Trump to call out Guard. They will have someone planted in Guard who will shoot rioters to blame Trump and impeach again and create civil war. Someone needs to reverse this order now.",twitter,2024-10-24 12:01:02+00:00,1,0,original_stratified,Qwen/Qwen3-14B,qwen3_14b,1,True,1,
489926,4,action_orientation,"You’re calling for insurrection and civil war. Fascist traitors, by definition, should be eliminated. Obviously compromise through voting with fascist traitors is lunacy. What’s the solution? Re-education camps? Expulsion? How much national cleansing is needed? I worked in print media for 15 years. Words mean things. Your words are a call to arms by labeling a major American political party and millions of people who belong to it as an existential threat to the country’s continued existence. Ideological conflict would be horrifying, but you’re not the only leftist / Democrat to seemingly desire that outcome. I guess I’ll see how the left and Democrats react when Trump is re-elected, which will be animated by notions like “fascist traitors.” If Biden wins, the Democrats will have the power of the state to implement the final solution for the “fascist traitors.” God help us.",twitter,2024-05-20 21:13:15+00:00,1,0,positive_enrichment_round1,Qwen/Qwen3-14B,qwen3_14b,1,True,1,
1550783,0,action_orientation,all of these people should be removed from this platform for promoting this assassination attempt while dehumanizing a father and former president,twitter,2024-07-14 17:22:10+00:00,1,1,positive_enrichment_round1,Qwen/Qwen3-14B,qwen3_14b,1,True,1,
3481037,0,action_orientation,"This gaslighting clown allowed 11,049 innocent unborn children to be slaughtered after he reopened the abortion clinics &amp; he expects us to believe that he cares about their lives now? Dont be fooled. This was all about kissing his liberal DNC bosses rear ends.",twitter,2024-09-26 15:11:00+00:00,1,0,original_stratified,Qwen/Qwen3-14B,qwen3_14b,0,True,0,
157417,18,action_orientation,"Replying to @trump_times2024 :  You wouldn't have your job if you weren't beautiful. It's very sad. Must be a pretty picture you dropped. And I'd look her right in that fat, ugly face. She's gotten a little bit large. I don't think you should dress like you weigh 120 pounds. I don't want to sound too much like a chauvinist, but when I come home and dinner's not ready, I go through the roof. A person who's flat-chested is very hard to be a 10. She ate like a pig. You could see there was blood coming out of her eyes, blood coming out of her wherever. The group job is terrible. You know, they look like two light bulbs coming out of a body. It's unattractive both inside and out. I fully understand why her former husband left her for a man. Maybe she should feel that way. There are a lot of women out there that, you know, demand that the husband act like the wife. I've said that if Ivanka weren't my daughter, perhaps I'd be dating her. She's a really beautiful baby. She's got Marla's legs. We don't know whether or not she's got this part yet, but time will tell. What happens if Marla gained this kind of weight? Would she drop her? I'd say start working out. I have no respect for her. I don't think she's very good. I would say she's in the four or five category. Right. I like the way she used to look. I don't like the way she looks. There are two other women now who claim that there's been sexual harassment. They probably do love their names splashed across the front pages. You say, oh, hello, darling. How are you? And you get sued because you've destroyed somebody's life. It's ridiculous. You have a young woman that was in his room, his hotel room, late in the evening at her own will. You have a young woman who was seen dancing for the beauty contest, dancing with a big smile on her face. Planned parenthood should absolutely be defunded. Do you believe in punishment? Punishment for abortion, yes or no, is a principle. There has to be some form of punishment. For the woman? Yeah. Do you think she felt pressure to come back after three weeks? I don't think so. I think she loves her job. She wouldn't have felt the need to do that because you might have replaced her otherwise. No. Although it's an interesting premise. I have been better to women than any of these candidates, frankly. And as you've seen, it wasn't a single imitate of any���MBase card. OK, I would like for you to decide which as a versus one. You know me, I like to work and enjoy as much as I can, and during the create AvatarPanel. Hey,early thinks I would do a lot. So it stretches and gathers dangerous things. I'm very aware of that a little, and if I weren't potential evaluated against me, I would have been scripted as attacking a trainer without an edge and nothing wrong. He published women and slowly achieved success. Given the extent of his ethical Meng's height in the music scene, oh really?",tiktok,2024-04-26 19:30:31+00:00,1,0,positive_enrichment_round1,Qwen/Qwen3-14B,qwen3_14b,1,True,1,
3430071,3,boundary_construction,The woman that doesn’t have the fruit of the womb is the woman advocating &amp; pushing for women to butcher their babies. Kamala Harris vision is so dark &amp; evil. Any woman that vote for kamala is a traitor to her gender. Any black that vote kamala; is a traitor to black race.,twitter,2024-09-25 06:44:57+00:00,1,1,original_stratified,Qwen/Qwen3-14B,qwen3_14b,1,True,1,
318862,0,boundary_construction,Already do! Lets go maga! Take our country back from these communists!,twitter,2024-05-10 04:46:02+00:00,1,1,original_stratified,Qwen/Qwen3-14B,qwen3_14b,1,True,1,
2879431,0,boundary_construction,The globalist our trying to takeout theconstitution and the evil totalitarian democrats are helping them!,truth_social,,1,1,original_stratified,Qwen/Qwen3-14B,qwen3_14b,1,True,1,
3868632,0,boundary_construction,AMERICAS PROBLEM ISNT IMMIGRANTS CROSSING THE BORDER BECAUSE THE GROUP THAT HAS BEEN COMMITTING THE MOST MURDERS &amp; VIOLENT CRIMES ACROSS THE COUNTRY IS TRUMPS MAGA NAZI CULT. TRUMPS NAZI CULT IS ALSO RESPONSIBLE FOR COMMITTING THE MOST PROPERTY CRIME &amp; DRUG VIOLATIONS.,twitter,2024-10-16 03:22:13+00:00,1,1,original_stratified,Qwen/Qwen3-14B,qwen3_14b,1,True,1,
321264,0,boundary_construction,Tim Scott would bring ‘the Gospel in operation’ to the GOP ticket,truth_social,,0,0,original_stratified,Qwen/Qwen3-14B,qwen3_14b,0,True,0,
863479,0,boundary_construction,You are being way too kind. Trash would be an improvement over this sh*t show,twitter,2024-06-16 14:30:24+00:00,0,0,original_stratified,Qwen/Qwen3-14B,qwen3_14b,0,True,0,
3908240,0,boundary_construction,That basket of deplorables holds the whole GOP,twitter,2024-10-23 04:09:43+00:00,1,1,original_stratified,Qwen/Qwen3-14B,qwen3_14b,1,True,1,
3648472,4,boundary_construction,"#merch #conservativemerch  #ajsrantroom :  It's always lit over at AJsRantRoom.com. We got the best bags and accessories, our beloved black series. We got fresh lids for you hat lovers. Buy your jackets and hoodies. And of course, we got you covered on the t-shirts. And introducing our first shoe line, Aloysius Germain. So get on over to AJsRantRoom.com today and get to shopping. You won't be disappointed.",tiktok,2024-10-03 12:59:30+00:00,0,0,original_stratified,Qwen/Qwen3-14B,qwen3_14b,0,True,0,
1115794,4,boundary_construction,"#stitch with @Wonderland News #it is wat it is#trump2024#fyp#fyp#fyp#:  his new powers that the Supreme Court just gave him to round up the maggot. Every single person. And this is the crisis that we have to hear from them dimwits, dim dumbasses, them will hold in their mouth for the swelling goes down. Now, them losers, them traitors, them treasonous, them stupid, them couldn't beat their way out of a wet paper bag, them looking like dummies right now. Best thing you can do is stay at home. As I heard, they make pine boxes with bunk beds in them now. Hell, you can get a TV and a fan there for you and your best friend if you want to try it. Get it how you live is all I'm saying.",tiktok,2024-07-01 22:47:38+00:00,0,1,original_stratified,Qwen/Qwen3-14B,qwen3_14b,1,True,1,
3656288,0,boundary_construction,Oct. 3 (UPI) - A federal judge in Georgia ruled to allow President Joe Bidens latest effort to provide broad student debt forgiveness to move forward.,twitter,2024-10-03 19:49:48+00:00,0,0,original_stratified,Qwen/Qwen3-14B,qwen3_14b,0,True,0,
1014394,3,boundary_construction,There are only two realistic choices for POTUS. Biden (or a replacement Democrat) and Trump. Kennedy doesnt count. Anybody who doesnt vote for Trump is a communist. Prove me wrong.,twitter,2024-06-22 01:18:43+00:00,1,1,original_stratified,Qwen/Qwen3-14B,qwen3_14b,1,True,1,
619890,2,boundary_construction,"Thirty-four! tRump Guilty On All 34 Felony Counts! @Everyone @TeamtRump #DonaldJtRump #FortyFive #IndividualOne #Convicted34 #ConvictedFelon #Guilty #ThirtyFour #tRumpsAmerica #WeAreBetterThanThat #WeWillRememberInNovember #VoteBlue @ChocolateOracle #TheChocolateOracle:  I've gone from president 45 to individual one to convicted 34. Yes, I can appeal with five black women sitting on the New York Board of Appeals. I say I'm screwed.",tiktok,2024-06-01 17:58:42+00:00,0,0,original_stratified,Qwen/Qwen3-14B,qwen3_14b,0,True,0,
847148,1,boundary_construction,"Dont listen to Trumpers. alls ok, you‘re covered. Biden extended Insulin @ $35 monthly to ALL AMERICANS. Trump only allowed cost to medicare participants covered under part D.",twitter,2024-06-15 20:11:43+00:00,0,0,original_stratified,Qwen/Qwen3-14B,qwen3_14b,0,True,0,
15530,10,boundary_construction,"Pt2 Mike Johnson not acting normal is he being Blackmailed #marjorietaylorgreene  #mikejhonson #american #politics #democrats #republicans #trump #biden #wethepeople #politicalnews #fyp :  Yeah, I mean, like they care about Europe. They blew up their natural gas pipeline. They impoverished Europe. They destroyed the economy of Europe. Mike Johnson and his friends. So last question, is this actually going to happen? Will this funding go through with Mike Johnson leading the charge after recess? Yes, everything that I've seen, everyone that I've talked to is this is happening next week. He's going to suspend the rules. He's going to bring it to the floor for a vote. Every Democrat is going to wear their blue and yellow lapel pins and flags and scarves, and they're going to vote to fund that. And we're going to have a percentage of our Republicans that actually support it will vote to fund it. And it will pass in the House. It will pass in the House. It'll go to the Senate. Mitch McConnell will line up his little Senate soldiers, and they will vote for it. And Chuck Schumer can't wait to pass it because, I mean, because Ukraine is everything, right? Ukraine is everything. Murdering an entire generation of Ukrainian men is the most important thing that they can do. And yeah, they'll pass it, and then Joe Biden will sign it into law. Yeah, sure. If the American people, let me tell you something, Tucker, and I can't make this point loud enough. The American people can stop our government. They can. When they decide that it's important enough for them, when they realize that within 10 years, in 10 years, CBO has projected, that we will be approximately $55 trillion in debt at the current spending levels. If everything stays the same, we're going to be $55 trillion in debt in 10 years. We are going to implode. If the American people finally decide they're tired of illegal aliens murdering them, they're tired of illegal aliens squatting in their homes, they're tired of illegal alien men raping children and raping women, yeah, if the American people finally have had enough and say no, they can stop it. And let me tell you, Tucker, if the American people say enough of sending money to foreign wars and foreign aid and funding the murder of people in foreign countries and countries we can't even find on a map most of the time, yeah, if the American people say they've had enough of that and they're able to engage in this and stop spending all their money on all their hobbies and being disconnected and refusing to look at the serious situation that we're living in right now, oh, yeah, the American people have far more power than I have. And I'm a member of Congress. If they literally hold our government accountable and stand up and say enough of this, and I think they should throw out every single elected official. I'm not kidding. Every one of us should be thrown out. This government is a failure to the American people. And I'm angry about it, Tucker, because I'm a mom. My adult children and that generation and your kids and our grandchildren at the current rate right now, they'll never be able to afford a home. They have no strong financial future. And they are going to have to pay for it. And they're going to be living and raising their own children in a country whose government has screwed all of us over. And that is the flat out honest truth, Tucker. And so, yeah, the American people could stop it if they really want to.",tiktok,2024-04-04 15:02:05+00:00,1,1,original_stratified,Qwen/Qwen3-14B,qwen3_14b,1,True,1,
524719,0,boundary_construction,Huge support for Trump!,twitter,2024-05-23 23:27:51+00:00,0,0,original_stratified,Qwen/Qwen3-14B,qwen3_14b,0,True,0,
2340300,0,boundary_construction,"Conversely, I truly believe Democrats are Islamo-Communists and will be the destruction of our country.",twitter,2024-08-11 21:25:08+00:00,1,1,original_stratified,Qwen/Qwen3-14B,qwen3_14b,1,True,1,
378563,0,boundary_construction,Blacks in America stuck on the Democratic plantation -,twitter,2024-05-12 19:36:48+00:00,1,1,original_stratified,Qwen/Qwen3-14B,qwen3_14b,1,True,1,
196727,0,boundary_construction,Hunterslaptop Laptop Bidenlaptop Ukraine russia trumptruths truth RETRUTH covfefe MAGA TRUMP LapTopFromHell TRUMPWON truths HunterBiden biden MAGA2024 trump2024 donaldtrump USA MAGA ultraMAGA JAN6 Guns impeach January6th FJB russia SleepyJoe FAKENEWS Snowflake AMERICA IS IN A WAR AGAINIST HOMOSEXUALS THESE PEOPLE ARE EVIL AS ALL HELL,truth_social,,1,1,original_stratified,Qwen/Qwen3-14B,qwen3_14b,1,True,1,
1329219,0,boundary_construction,I hope r watching as republicans circle the wagon around the most unfit man of their party. Espousing their support without equivocation of the obvious. Yet dems r doing just the opposite to their party leader out of fear.,twitter,2024-07-10 00:10:30+00:00,0,0,original_stratified,Qwen/Qwen3-14B,qwen3_14b,1,True,1,
1312698,0,boundary_construction,"Ive wanted to see him gone since 1991. Seriously! I wasnt pleased with Joe Biden at that hearing either, but at least he expressed his regret to Anita Hill, and she supported him in 2020. Afterthought - imagine that same hearing with todays Senate Judiciary Committee.",twitter,2024-07-09 17:32:44+00:00,0,0,original_stratified,Qwen/Qwen3-14B,qwen3_14b,0,True,0,
1268154,6,boundary_construction,"#greenscreen President Biden wrote a letter to Democrats on Capitol Hill basically telling them he is not stepping down from the campaign and he is asking them to get on board. #Biden #BidenCampaign #Presidency #PresidentBidenCampaign #News #NewsStory #NewsHeadlines #BreakingNews.:  Okay, this coming out today, President Biden writing a letter to Democrats on Capitol Hill saying that he is not stepping down. He's going to be in the race all the way to the end until November. What do you think about this, everybody? There's been lots of rumblings going back and forth as to what Joe Biden is going to do. Well, today he or someone close to him wrote this long letter right here. There's actually two pages of it. He is calling on Democrats to support him and urges them to back him because he said he is the nominee. He is going to be the nominee. And he urges anyone who would like to, other Democrats who would like to take over the party, go ahead. He's up for the challenge. He said he is going to take it. So a lot of rumblings lately, but as of now, it looks like he's going to take it. Joe Biden, he is in. He's going to be in for the long run. Let me know what you think. Is this a wise decision on his behalf? Make sure you're following me right here.",tiktok,2024-07-08 17:11:42+00:00,0,0,original_stratified,Qwen/Qwen3-14B,qwen3_14b,0,True,0,
2065775,3,boundary_construction,"And he thinks blacks will love him if Kamala is in the Whitehouse ‍ he had better prepare to get spat on, insulted,kicked and dragged because thats how the sheepish blacks feel about whites. All white people voting for Kamala Harris are too far gone to be saved.",twitter,2024-07-26 13:33:41+00:00,1,1,original_stratified,Qwen/Qwen3-14B,qwen3_14b,1,True,1,
497292,0,boundary_construction,Cohen UNLIKE Trump ADMITS that he did wrong and he went to prison for it. I think good for him because how many people has Trump screwed out of their money &amp; continues to screw out of their money for 50+yrs.,twitter,2024-05-21 18:36:36+00:00,0,0,original_stratified,Qwen/Qwen3-14B,qwen3_14b,0,True,0,
1766592,0,boundary_construction,"A Demon calling others Demons, oh the irony. As an American you can be only a Christian in the Republican Party. Anyone still looking for Evidence of Bigotry?",twitter,2024-07-18 15:36:20+00:00,1,0,original_stratified,Qwen/Qwen3-14B,qwen3_14b,1,True,1,
257923,0,boundary_construction,Palestinian backwardness and savagery is real and problematic. Israel might be corrupt and even evil but without addressing the former we cant address latter.,twitter,2024-05-07 15:04:31+00:00,1,1,positive_enrichment_round2,Qwen/Qwen3-14B,qwen3_14b,1,True,1,
2307914,0,boundary_construction,"Welcome to MAGA movement Mrs Assange. Globalists held your husband political prisoner and before him, canceled Irans modernization per Pahlavi Doctrine started by Reza Shah to suit their agenda It was BBC MI6 in WWII (Orwells 1984 inspired by Tehran Conference) BBC MI6 now",twitter,2024-08-10 19:20:32+00:00,1,0,original_stratified,Qwen/Qwen3-14B,qwen3_14b,1,True,1,
3472511,0,boundary_construction,Pennsylvania musician’s family prays illegal immigrant suspect in hit-and-run death will feel its pain,twitter,2024-09-26 09:43:26+00:00,1,0,original_stratified,Qwen/Qwen3-14B,qwen3_14b,1,True,1,
1352273,0,boundary_construction,Call forth Your Kingdom warriors for such a time as this! We are in desperate need of a year of Your favor!,truth_social,,0,0,original_stratified,Qwen/Qwen3-14B,qwen3_14b,0,True,0,
2192316,0,boundary_construction,Woke mob tries to cancel TikTok star Brooke Schofield for truly absurd reason,truth_social,,1,0,original_stratified,Qwen/Qwen3-14B,qwen3_14b,1,True,1,
2613769,10,boundary_construction,"Halie Soifer, chief executive of the Jewish Democratic Council of America, says “Donald Trump is an antisemite.” #democraticconvention #DNC #chicago #elections #politics #kamalaharris #president #donaldtrump #republican #jewish #democrats #antisemitism :  What did you say, Haley? Okay, well, we need to, it's a longer conversation. No, but what did you say about Donald Trump? I pointed out that for the past five years, but especially in the past few months of this election, he has been saying disparaging things about the vast majority of Jewish Americans. Just two days ago, he said any Jew who votes for a Democrat needs to get their head examined. I recall in 2019 when he started this, he said we were disloyal or uninformed. He has said we hate Israel. He has said we hate our religion. He has called the second gentleman a crappy Jew. The reality is he's an anti-Semite. Not only did he refuse to condemn white supremacy from the presidential debate stage in 2020, but he has embraced and echoed anti-Semites and white supremacists. And he continues to say anti-Semitism. He has said anti-Semitic things about millions of American Jews. So let's just call it like it is. He's an anti-Semite. Do Republican Jews need their head to be examined? I'm not going to go there. I wouldn't do that. But the reality is that they're supporting an anti-Semite.",tiktok,2024-08-20 22:00:53+00:00,1,0,original_stratified,Qwen/Qwen3-14B,qwen3_14b,1,True,1,
989324,0,boundary_construction,We have young girls being r and k!lled by Biden’s ILLEGALS…don’t you think it’s past time our frickin government does something?,twitter,2024-06-20 22:41:32+00:00,1,1,original_stratified,Qwen/Qwen3-14B,qwen3_14b,1,True,1,
870444,0,boundary_construction,"If 99% of maga were gone, no one would miss them, and the counntry would be saved",twitter,2024-06-16 19:55:24+00:00,1,1,positive_enrichment_round2,Qwen/Qwen3-14B,qwen3_14b,1,True,1,
3013341,0,boundary_construction,"Since last night, the entire nation is seeing MAGA depravity on full display. #fypシ゚viral #fypage #trump #maga #magacult #ultramaga #depraved #deplorables #crazy #fascist #garbage #fypp #bluewave #election #voteblue #kamalaharris #kamala #savedemocracy #millennial #genz #genx #newamerica #itstime :  I check it once, then I check it twice Look what you made me do Look what you just made me do Look what you just made me do I don't like your kingdom case They once belonged to me You asked me for a place to sleep Locked me out and threw a feast The world moves on another day, another drama, drama But not for me, not for me, all I think about is karma And then the world moves on, but one thing's for sure",tiktok,2024-09-11 20:46:38+00:00,1,0,positive_enrichment_round2,Qwen/Qwen3-14B,qwen3_14b,1,True,1,
3205195,0,boundary_construction,"Black people are about to be tricked into voting for Communism  Kamala+Democrats=Communism  #trump2024🇺🇸 #blacksfortrump2024 :  Good morning, sane Americans and patriots. I am in the hood. They're trying hard as hell to get us a vote for Kamala Harris. But look what I seen. Look what I seen, y'all. This thing, somebody already tried to rip it off. Because we don't like this shit for real. It says, join the communists. Look at Mark. Look at Mark's. Now this is the hood, bro. This is the hood. Why the fuck we got communism in the hood?",tiktok,2024-09-19 13:06:11+00:00,1,1,original_stratified,Qwen/Qwen3-14B,qwen3_14b,1,True,1,
2357755,2,boundary_construction,"Democrats use to shoot blacks for not getting their vote. Biden rode and admired Byrd. Democrats have kept blacks on the plantation since Harris ancestors owned slaves. If people believe biden, they dont deserve America.",twitter,2024-08-12 14:49:19+00:00,1,1,original_stratified,Qwen/Qwen3-14B,qwen3_14b,1,True,1,
3298195,0,boundary_construction,"Thankfully, while Donald Trump had a great understanding of the political environment, he never really transition to being a politician. Whether Democrat or Republican, we cannot trust a word that politicians say because they will say anything and do anything for a vote. No shame",twitter,2024-09-21 17:37:40+00:00,0,0,original_stratified,Qwen/Qwen3-14B,qwen3_14b,0,True,0,
799354,0,boundary_construction,"Sixteenth, anti-LGBT+ hate spread by far-right transphobes and their allies in the UK Conservative government has led to rising anti-LGBT+ violence across Britain.",twitter,2024-06-13 23:33:12+00:00,0,0,original_stratified,Qwen/Qwen3-14B,qwen3_14b,0,True,0,
3601000,9,boundary_construction,"The Democratic Party has Changed part 3 :  The Democratic Party was the party of civil rights, has now become the party of censorship, the party of surveillance. Yeah. It was the party that was fighting against the subversion of American democracy by big corporations, by Wall Street and corporate robber barons and titans. Today, the Democratic Party is the party of Wall Street, is the party of big pharma, big tech, of big ag, of big food, of the military industrial complex. When I was a kid, the Democratic Party was the party of the poor. The Republican Party was the wealthy party. That's where most of the wealth in this country, 70 or 80 percent, was in the Republican Party. We were the party of the firefighters, the cops, the union leaders. At the Republican Convention, you went for the first time in history, the president of the Teamsters Union speaking to great applause. This was unheard of. One of the ways that we study American history is according to these four big realignments that happen among the parties during different parts of our history. And we're going through one of those realignments. And I.",tiktok,2024-10-01 08:03:35+00:00,1,1,original_stratified,Qwen/Qwen3-14B,qwen3_14b,1,True,1,
3934908,0,boundary_construction,"Brother if it walks like a Nazi, talks like a Nazi…then it’s a Nazi…it’s good that you feel some shame about being described as a dysfunctional, sick, vile low life…because that’s what Nazis are and Trump and MAGA are just as sick, vile and dysfunctional.",twitter,2024-10-28 23:58:58+00:00,1,1,original_stratified,Qwen/Qwen3-14B,qwen3_14b,1,True,1,
752152,0,boundary_construction,"How about this violent, treasonous gang! They are already here and are working hard to make America a Dictatorship lead by a &amp; The are actively SUPPORTING THEM! The only justice for is a",twitter,2024-06-12 13:26:45+00:00,1,1,original_stratified,Qwen/Qwen3-14B,qwen3_14b,1,True,1,
1259239,0,boundary_construction,"FRANCE Last night, far-leftists rioted and attacked police following sweeping wins in the French elections that many say were rigged.",truth_social,,1,0,original_stratified,Qwen/Qwen3-14B,qwen3_14b,0,True,0,
3909257,0,boundary_construction,"Actually ,leftwing protesters who are members of for Palestine love Hitler massacre of Jews. So they support Oct 7 massacre by . This is d same Kelly who came up with . D neocons are pretty mad. Trump may win another election.",twitter,2024-10-23 08:14:00+00:00,1,1,original_stratified,Qwen/Qwen3-14B,qwen3_14b,1,True,1,
3199640,4,boundary_construction,But what was the difference? Asian people didn’t cry like yall do everyday demanding reparations. They believe in self resilience and didn’t marry the government. Black people married the government for welfare and now yall losers asf killing each other at super high rates. Lose,twitter,2024-09-19 05:39:44+00:00,1,1,original_stratified,Qwen/Qwen3-14B,qwen3_14b,1,True,1,
2146506,0,boundary_construction,"Discussion on societal norms and politics at DNC convention. #politics #society #culture #dnc #generationgap:  You would never ever see that in politics in any other country but America, ever, ever. You would never see that, bro. You would never see that. Listen, there's a time and a place for everything. There's a time and a place for everything. Making the style of performing at a DNC convention, bro, that's not a place. Sorry, bro. Sorry, it's not a place.",tiktok,2024-08-01 13:01:37+00:00,0,0,original_stratified,Qwen/Qwen3-14B,qwen3_14b,0,True,0,
817743,0,boundary_construction,Did Joe Biden molest his daughter? Even liberal Snopes says yes he did,twitter,2024-06-14 17:01:11+00:00,0,0,original_stratified,Qwen/Qwen3-14B,qwen3_14b,1,True,1,
3116381,0,boundary_construction,MAGA is a anti democratic fascist movement. If you’re MAGA You’re a fascist. Fact,twitter,2024-09-17 08:33:06+00:00,1,0,positive_enrichment_round2,Qwen/Qwen3-14B,qwen3_14b,1,True,1,
3847871,0,boundary_construction,"Seriously? They created an app to make it easy for illegal aliens to reserve their invasion time. Biden, Harris, and Mayorkas should all be charged with treason. Im so sick of the criminal element in the Biden admin and politics in general. Lock em all up!",twitter,2024-10-14 05:10:51+00:00,1,1,positive_enrichment_round2,Qwen/Qwen3-14B,qwen3_14b,1,True,1,
1685503,0,boundary_construction,It’s MAGA supporters who are posting racist comments mate. Your liberals are simply pointing that out. Usha Vance was born in San Diego &amp; is a U.S. citizen. Was also a Democrat til 2014. And she helped JD with anger mgmt.,twitter,2024-07-17 06:19:09+00:00,0,0,original_stratified,Qwen/Qwen3-14B,qwen3_14b,0,True,0,
1230698,4,boundary_construction,"conversation with myself #bordercrisis #palestine #israel #landback #landbackmovement #indigenous #native #liberal #conservative :  So what's your problem with the southern border? Can't you tell? We're being invaded. Well, we're not being invaded. Invaded implies that it was government-ordered and involves taking over of the government. But quick question, though. What would you do if that were to actually happen? Obviously, I'd take up arms and fight to get our country back. I'm a patriot. Okay, so what do you think of the indigenous peoples of Palestine during that? Bunch of heathen terrorists. Terrorists? Thought so. What about the indigenous people here that are starting the land-back movement? Over my dead body. Yep, that's what I figured.",tiktok,2024-07-07 17:59:30+00:00,1,1,original_stratified,Qwen/Qwen3-14B,qwen3_14b,1,True,1,
1095430,10,boundary_construction,"Like for Donald Trump! Follow for anyone but biden!!! #trump2024🇺🇸 #donaldtrump :  I don't know what he said at the end of that sentence. I don't think he asked what he said either. We have the safest border in the history of our country. The border, all he had to do was leave it. All he had to do was leave it. He decided to open up our border, open up our country to people that are from prisons, people that are from mental institutions, insane as hell. 12,797 that we know of. Terrorists coming into our country right now, all terrorists all over the world, not just in South America, all over the world. They come from the Middle East, everywhere. All over the world, they're pouring in. And this guy just left it open. And he didn't need legislation because I didn't have legislation. I said close the border. We have the safest border in history. In that final couple of months of my presidency, we had, according to Border Patrol, who is great, and by the way, who endorsed me for president, but I won't say that, but they endorsed me for president. Brandon just said it. There you go. Do we have the confirmation? Did Mission Control send it? Now we have the worst border in history. There's nothing. The site is down currently. Here's where the contrast. They probably were overloaded because Biden said, they endorsed me, and people went, no. Here's where the contrast is. You've got a record to run on, though. The Biden administration killed an al-Qaeda person, and his administration killed three American soldiers. Eleven terrorists encountered at the southern border under Trump's entire tenure. 380 that we know of with Biden up until now. It's simply not true. There's no data to support what he said. Once again, he's exaggerating. He's lying. Eleven to 380, bitch. I'm staying on the topic of immigration. You've said that you're going to carry out, quote, the largest domestic deportation operation in American history, unquote. Does that mean that you will deport every undocumented immigrant in America, including those who have jobs, including those whose spouses are citizens, and including those who have lived here for decades? And if so, how will you do it? Yes, but only Puerto Ricans. Two Toyotas. The people we killed are al-Baghdadi and Soleimani, the two greatest terrorists, biggest terrorists anywhere in the world. And it had a huge impact on everything, not just border, on everything. He's the one that killed people with the bad water, including hundreds of thousands of people dying and also killing our citizens when they come in. We are living right now in a rat's nest. They're killing our people in New York, in California, in every state in the union. Love it. This is the difference in tone. When Donald Trump brought this up in 2016, people said it was racist. And now it's starting with the acknowledgment that it's a problem and trying to say, Joe, right? You know it's a problem, right? And he poops his pants. We call it migrant crime. I call it Biden migrant crime. They're killing our citizens at a level that we've never seen before. And you should say, I predicted this. Do you remember? These three incredible young girls over the last few days. Call me Nostradamus. And they just had the funeral for this girl. Twelve years old. This is horrible what's taken place. What's taken place in our country. We're literally an uncivilized country now. He doesn't want it to be. He just doesn't know. He opened the borders. Nobody's ever seen anything like. And we have to get a lot of these people out and we have to get them out fast. They forgot to coach Biden on his face. And I mean it. They forgot to coach him on his face. Close your mouth and look alert. Look at him. He can't. He's never looked older. Because he doesn't care about. No, you're right. He's never looked worse. He's never looked older. Has Biden ever looked worse? I don't think so. It's not enough. Nobody's been worse. I had the highest. This is an open casket funeral. Yeah. It's way worse than I thought it was going to be. He's gotten rid of all the things that I approved. Choice. Trump sounds the same as he did in 2020. Yeah. 2020. Biden reversed 89 Trump border policies by executive order. 89. He didn't just screw it up. He made it a priority, folks. Because I approved it, which is crazy. But he has killed so many people at our border. Thank you, President Trump. By allowing all of these people to come in. President Biden. And it's a very sad day in America. President Biden, you have the mic. Every single thing he says is a lie. Drink. Anytime the moderators cut Trump off, drink. For example, veterans are a hell of a lot better off since I passed the PACT Act. One million of them now have insurance and their families have it. Their families have it because what happened, whether it was Agent Orange or Bernpitz, they're all being covered now. And his group opposed that. We're also in a situation where we have great respect for veterans. My son. He spent a year in Iraq. He went on the next one of those Bernpitz. Came back with stage four glioblastoma. He was in the brigade of Miso-Hawney. In France for D-Day. And I spoke all about those heroes that died. I went to the World War II cemetery. World War I cemetery. To be buried? He was standing with his four-star general. Which one, Joe? He told me, he said, I don't want to go in there because they're a bunch of losers and suckers. My son was not a loser. He was not a sucker. You're the sucker. You're the loser. President Trump? Oh my word. First of all, that was a made up quote. Suckers and losers. They made it up. It was in a Third Red magazine that's failing, like many of these magazines. He made that up. He put it in commercials. Back to life moment. By the way, when you have no authority, Biden has to, they say, do the clinic. Oh my. Joe, you looked like Dirty Harry just then. Because nobody's taking better care. Thank you, Chris. I'm so glad this came up and he brought it up. There's nobody that's taken better care of our soldiers than I have. To think that I would, in front of generals and others. I'm going to say, suckers and losers. We have 19 people that said, it was never said by me. It was made up by him. Just like Russia. Bring up the back of the show, everybody. Here we go. Just like the 51 intelligence agents are made up. Just like the new thing with the 16 economists are talking. It's the same thing. 51 intelligence agents said that the laptop was Russia disinformation. It wasn't. That came from his son, Hunter. It wasn't Russia disinformation. He made up the suckers and losers. Refill. He should apologize right now. If this was a fight, then stop it. The North Star general standing to your side who was on your staff said he said it. I'm sorry, what? Period. That's number one. And number two, the ID ... I'm sorry, what? Hunter. It wasn't Russia disinformation. He made up the suckers and losers. Refill. He should apologize to the right now. If this was a fight, then stop it. The North Star general standing to your side who was on your staff who said he said it. Sorry, what? Period. We're not going through anything. You're not going through anything. It was hard to understand. It'd be the worst thing. I'm sorry. The North Star- What's his name again? Hunter and Hunter. staff who said it. Period. That's number one. And number two, the idea, the idea that I have to apologize to you for anything along the line. We've done more for veterans than any president has. How about prosecuting them? How about saying that you wouldn't allow them to become president? Now we're in their family. The only sacred obligation we have as a country is to care for our veterans when they come home and their families and equip them when they go to war. You only care for them if they're a six-year-old girl named veteran. Weren't you looking at your watch when the caskets were coming off? That's true. All right. Thank you so much. Here's the thing. No one buys it. No one buys that Joe Biden is going to be stronger on the border. No one buys, even Democrats don't buy that he's better for the military. They just, he can't sell it. Trump has a record. He'll only end this war if Russia keeps the Ukrainian territory it has already claimed and Ukraine abandons its bid to join NATO. Are Putin's terms acceptable to you? First of all, our veterans and our soldiers can't stand this guy. I don't have any refills here, so I'll drink water, but get it. And they like me more than just about anything. And that's based on every single bit of information. As far as Russia and Ukraine, if we had a real president, the president that knew, that was respected by Putin, he would have never, he would have never invaded Ukraine. A lot of people are dead right now, much more than, people know, you know, they talk about numbers. You can double those numbers, maybe triple those numbers. Thank you. He did nothing to stop it. In fact, I think he encouraged Russia from going in. I'll tell you what happened. He was so bad with Afghanistan. It was such a horrible embarrassment, most embarrassing moment in the history of our country that when Putin watched that and he saw the incompetence that he should, he should have fired those generals like I fired the one that you mentioned. And so he's got no love lost, but he should have fired those generals. No general got fired for the most embarrassing moment in the history of our country, Afghanistan, where we left billions of dollars of equipment behind. We lost 13 beautiful soldiers. That was Wolf Blitzer, he had to take a dump. And by the way, we left people behind too. We left American citizens behind. When Putin saw that, he said, you know why? I think we're going to go in and they came flying. They said, look at this, I'm going to pimp my copter. The difference is he never would have invaded Ukraine. That's interesting, the theory that he said. Putin saw that and said, you know what? Of course. It's just like Israel would have never invaded Ukraine. The world sees weakness. The point Trump is making here, he's being a little long winded, is that the world has seen weakness. You compare both Obama and Biden to Donald Trump. No new war started. With Biden, you look at the North Korea-Russia alliance, which is a very unlikely alliance. You look at the Ukraine war, you look at the war that's happened in Israel, you look at the Afghanistan withdrawal, you look at the strengthening of ISIS, you look at the Iran nuclear deal, you look at under Obama, Crimea, it's undeniable. Code Pink, where are you? You cackling hags. I've never heard so much malarkey in my whole life. Look at the fact that I'm here.",tiktok,2024-06-29 23:34:44+00:00,1,1,original_stratified,Qwen/Qwen3-14B,qwen3_14b,1,True,1,
3197574,0,boundary_construction,"Peewee Longway - JET ✈️  #peeweelongway #jet  #three7network #dedethree7#march7th #chitowndedethree7 #three7network2 #3:07 #algorithm #highlights #youngthug#diddy#ynwmelly #funnyisshonyoutube#cashlesssocietytv#kattwilliams#drake#kendricklamar #juliofoolio #resentment#favor#2024presidentialelection #foryou #trending #news #sports #entertainment #feed #playlists#art #google#yahoo#duckduckgo#safari#reddit#facebook#instagram#youtube#snapchat#radio#broadcast#twitter#x #watch #foryou #live #reels #music #gaming #following #shows #feed #all #posts #people #groups #photos #videos #kingvon#keefed#tupac#2024 #kattwilliams  #kevinhart#steveharvey#cedricthentertainer#rickysmiley #addictive #longervideos#documented #mezmorized #drake#kendricklamar #caitlinclark#angelreese#juliofoolio#bronny #scrolling#donaldtrump#kamalaharris #resentment#favor#sonyamassey#cardib#vybeskartel#brandonaiyuk#nipseyhussle#chiefkeef #viralshort#viralreel#ybcdul #richhomiequan#superbowlLIX#titojackson #google#yahoo#duckduckgo#safari#reddit#facebook#instagram#youtube#snapchat#radio#broadcast #sonymusic#universalmusicgroup#warnermusicgroup#rcarecords #abc#nbc#cbs#thecw#espnradio#fox#ion#mynetworktv#hulu#netflix #pisces#cancer#gemini#taurus#virgo#leo#aquarius #capricorn#libra#sagittarius#scorpio #aries #northamerica#africa#asia#antartica#southamerica#europe#oceania #rapcity#yomtvraps#thevideomusicbox#bet#mtv#vh1#thedisneychannel#nickelodeon#tnt#tbs#cartoonnetwork#fox#pbs#cnn #midwest#eastcoast#westcoast#dirtysouth #likethat #pushups#euphoria #616inla #familymatters #meetthegrahams #notlikeus#theheartpart6 :  I'm kickin' with a P, have a time of your life Ain't really got time to be scratched, scratched Told a girl I'm in a jet jet Couple boats take a slide, just pick out your bed dress AP make your wrist wet Two Cuba Link beads that'll fit around a picnic I'm a freckle like a kit kat Cause she jumped on a jet, made the lip, cause she wet, wet Gotta keep it on me, know I got big rats My culture boy wanna achieve like a bit mac These freckle bags, I can show you where to get it at No balance, it bad, upgrade the burst Drive the ticket, then I upgrade the merch Trim everything, upgrade the verse Jump in and put some on the bingo, berserk though Hits in the bands, I give it to you front though My diamonds soakin' near the middle, put your punch on My bitch a seller, she want cash or the crypto This nigga talkin' to 12, he catch a drip though Lil Huncho, hit you up, punch",tiktok,2024-09-19 03:24:04+00:00,0,0,original_stratified,Qwen/Qwen3-14B,qwen3_14b,0,True,0,
3356217,7,boundary_construction,"How Zionist War-Whores learn from each other. Left: Nikki Haley,May 2024,Israel Right: Zelensky,Scranton Army Ammunition Plant,22 Sep 2024,USA Lebanon,Hezbollah,Lebanese, Ukraine,Russia,The UN, UN General Assembly,",twitter,2024-09-23 11:01:27+00:00,0,0,original_stratified,Qwen/Qwen3-14B,qwen3_14b,0,True,0,
3632470,0,boundary_construction,Do you know why they don’t have the funds because they took all the money that was supposed to be saved for hurricanes and other storms in America and gave them to the illegal immigrants this is what Joe Biden and Camilla Harris have been doing to the American people robbing us,twitter,2024-10-02 19:38:09+00:00,1,0,positive_enrichment_round2,Qwen/Qwen3-14B,qwen3_14b,1,True,1,
492542,0,boundary_construction,"YES! And don’t listen to the fascist MAGA crowd…they are sad, desperate people led by a lying rapist",twitter,2024-05-21 00:20:36+00:00,1,1,positive_enrichment_round2,Qwen/Qwen3-14B,qwen3_14b,1,True,1,
393691,0,boundary_construction,Tell us what you think here and on YouTube #vivek #msnbc #racistcheck #democracy #republicans #democrats :  she's on Vivek Rambiswamy podcast and she pretty much told him why is it that she couldn't vote for him and that just explained the way the racist right thinks and sometimes it's just interesting that Rambiswamy couldn't see it but and Coulter said that to his face on his show but so we're going to watch this clip and then we're going to talk about it on the other end okay so let's watch uh I too am a fan of yours I'm going to make a point of disagreeing with you so that it will be fun um you are so bright and articulate and I guess I can call you articulate since you're not an American Black um can't can't say that about them that's that's derogatory um and that was a great opening segment lots of things to talk about there oh and I agree with many many things you said during in fact probably more than than most other candidates um when you were running for president but I still would not have voted for you um because you're an Indian we'll get back to that so as you can see there this was um I don't know if he suspected that or was it planned or something like that but this is what they think about Blacks anybody that's not white blonde hair blue eyes or white period and they consider themselves to be superior um have the ability to make decision on behalf of everybody because of the simple fact that they're white and this is something that you know the left have been pointing out for the longest time Haley in the meantime she has created a new era of racism and racism in the United States and she's creating some more potential trouble for herself I think it's safe to say now once again she was asked a question about America's fraught racial history and this was her answer we're not a racist country Brian we've never been a racist country our goal is to make sure that today is better than yesterday are we perfect no but our goal is to always make sure we try and be more perfect if every day that we can I know I faced racism when I was growing up but I can tell you today is a lot better than it was then so that was Nikki Hillis for the show thank you so much for joining us today we'll see you next time on America's Fraught Racial History. So that was Nikki Haley speaking yesterday on Fox News she was asked to respond to comments by MSNBC host Joy Reid that Haley stood no chance of being president because she's a woman of color Haley's response the US is not a racist country and never has been this comes after a moment at a town hall in New Hampshire where Haley failed to cite slavery as a cause for the Civil War so anyway that is uh what I think and I want you to to just see that and just give me your opinion comment and tell me how you what you think about it and I'll see you next time on America's Fraught Racial History. about it um I will be recording another video a week for now this week I usually try to record every week and then as time goes by I will try to maybe twice a week but for right now it's once a week and give me leave a comment in the comment section and again if you haven't subscribed please go ahead and do so and then share this video follow us on Instagram as well as tick tock and I will leave the link in the description oh yeah so please tell me what you think and I will see you another side,tiktok,2024-05-13 20:02:02+00:00,1,1,original_stratified,Qwen/Qwen3-14B,qwen3_14b,1,True,1,
31270,0,boundary_construction,"Donald trump endorses homophobobo pastor Mark Burns! Girl bye! #trump #donaldtrump #markburns #homophobic? #shade #shadowbanned #bidenharris #republican #republicansoftiktok #hateful #canada #jlo #jojosiwa #karma #taylorswif #transgender #christian #god #jesus #earthquakes #trixiemattel #rpdr #bone @PinkNews 🏳️‍🌈🏳️‍⚧️ @JoJo Bear @Out Magazine @OUTtv Canada @GAY TIMES @Queerty* @Newsweek @BBC News @Logo @World of Wonder @RuPaul’s Drag Race @JoJo Siwa @New York Post | News :  Hey kiddos, this is Jojo Bear and I'm serving up some queer lore and Donald Trump has done it again. Y'all remember her? Well, guess what? Donald Trump announced his endorsement for this schmo, asshat, busted beast, Pastor Mark Burns for South Carolina's 3rd Congressional District. Yeah, so let me just tell you about this pastor who's previously exhibited extremist rhetoric towards LGBTQ plus and transgender people. And he has even said that he would love to have LGBTQ plus arrested and executed. Really pastorial of you, kind sir. Listen, y'all know these motherfuckers pastors. That are screaming the loudest, girl. Y'all know y'all be on your dirty ass knees all up in an arcade bookstore. TikTok bots don't come for me, girl. Y'all know that I'm telling the truth, girl. That motherfucking people like this are so desperate for power so that they could cling on to all their shady behaviors that are happening behind the closed doors, girl. But let me just tell you. I see you. Girl, I see you, Miss Pastor Mark Burns, girl. And let me just say the truth will come out, mama. And Donald Trump, girl, you're fucking tired.",tiktok,2024-04-07 02:57:59+00:00,0,0,original_stratified,Qwen/Qwen3-14B,qwen3_14b,1,True,1,
1295588,0,boundary_construction,F*CK asking President Biden to step down while defending a Dementia Don who is also a convicted felon who tried to overthrow the government. The Constitution provides for a President who cant complete the term. It isnt the opposition who makes the call.,twitter,2024-07-09 04:53:27+00:00,0,0,original_stratified,Qwen/Qwen3-14B,qwen3_14b,1,True,1,
2426987,0,boundary_construction,These people are the enemy of our families. We told you they were lying about Biden and you were embarrassed and now they are lying about Harris. Im sorry but you F our families with this Marxist and I have no mercy for you or your families. GL traitors.,twitter,2024-08-14 18:47:23+00:00,1,1,positive_enrichment_round2,Qwen/Qwen3-14B,qwen3_14b,1,True,1,
3969115,0,boundary_construction,“The Great Replacement.” We will all be overrun like Alamo. And America is gone forever.,truth_social,,1,1,original_stratified,Qwen/Qwen3-14B,qwen3_14b,1,True,1,
1687,7,boundary_construction,"I Love Your Videos But Come On Man… #Liberal #religion #religions #christian #muslim #atheist #theist #jewish #space #galaxy #Biden #biden2020 #biden2024 #trump #trump2020 #trump2024 @Theist Brooks #greenscreenvideo :  Modern scientific discovery proves the existence of God. Theist, I want you to know that even as a non-religious person, I'm a big fan of your content. Especially the way that you calmly explain things to people who are anything but calm. But even you must recognize that what you just said is complete and total bullshit. There's two main reasons why it's bullshit. The first reason being that religion doesn't allow for a proving of God. Because if you could prove that God exists, faith would not be necessary. And faith needs to be required as part of religion, because that is the only way to delineate between a believer and a non-believer. If we all knew for a fact about the existence of God, that means that everybody would technically be a believer. That's not how religion works. So that's the religious reason why your statement is bullshit. Now the scientific reason why it's bullshit is that there's a good chance that the universe is infinite. There's a good number of them that believe we live in an infinite universe. Oh, and before I get all these wannabe physicists and astronomers in my fucking comment section, no, the Big Bang happening and the universe having a starting point in time does not mean it's not infinite. Even though we calculate the universe is about 14 billion years old, it doesn't mean it's not infinite. It doesn't mean the universe is 14 billion light years across. In fact, the size of the observable universe is about 50 billion light years. Meaning that the very first light we can see, which was about 380,000 years after the Big Bang, is about 46 billion light years away. There's absolutely nothing to suggest that the observable universe is the edge of the actual universe. And we have to understand that the observable universe is centered on us. It's always centered on the viewpoint of the person looking. But it is very likely that we are nowhere near the center. The odds of us being near the center are like next to zero. Like, we're not going to be near the center. Like, we're not at the center of our solar system. We're not near the center of our own galaxy. And we are nowhere close to the center of our own supercluster. Sorry, I'm nerding out a little bit. Let me get back to the point. Here's the thing, man. In an infinite universe, that means an infinite number of things will happen an infinite number of times. That means that every possible thing that could happen will happen somewhere. We can simply be the product of that sometime somewhere. In an infinite universe, not only is it possible that all of this could happen by chance, not only is it probable, in an infinite universe, it is a definitive fact that it would. Because everything in an infinite universe must happen somewhere, sometime, an infinite number of times. Now, I would never say that science has disproved the possibility of God. I certainly believe there's a God. To try to claim that science has proven the existence of God? Dude, that's just bullshit.",tiktok,2024-04-02 22:19:08+00:00,0,0,original_stratified,Qwen/Qwen3-14B,qwen3_14b,0,True,0,
199248,8,boundary_construction,"Pose for the magazine at Selfie Wrld Tampa and become the cover star of your own dreams! Snap, sashay, and serve looks that slay! #PoseForTheMagazine #SelfieGlam #selfiewrldtampa #selfiewrld #westshoreplaza #backdrop #selfieaddict #813 #photomagic #photography #photoshootideas #weekendvibes #walkinwelcome #booknow #comejoinus  #funtime #familyfun #comejoinus #tampa #florida #tampabay #studio #newset #selfiemuseum #tampaevents #813 #booktoday #celebratewithus #photoop #photoset #fyp #viral #filmstudio #birthdayparty #maternityshoot #engagementphotoshoot #familyportraits #familypicture #thingstodointampa #themerooms #SelfieEvolution #SelfieObsession #photoshoot #photomagic #photoshootideas #selfierooms #happytime #venue #models #videographer #checkusout #ballpits #swings #pool #reels #selfietime #360spin #revo360 #360video #DIY #funforthewholefamily #babyphotoshoot #2024 #tampablogger #personalblog #ContentCreator #selfielovers #funnyvideos #bookwithus #familypic #networking #partybooking #diyphotography #tiktok #IG #photoset #voiceover #birthdayparty #tampaactivites :  I love you till I grow old, or it's more than gold, cause you're my heart and soul You're my heart, you're my soul I keep me shining everywhere You're my heart, you're my soul I'll be holding you forever, stay with you together You're my heart, you're my soul Yeah, I'm feeling like I'm loving you You're my heart, you're my soul I keep me shining everywhere, stay with you together",tiktok,2024-05-03 17:15:15+00:00,0,0,original_stratified,Qwen/Qwen3-14B,qwen3_14b,0,True,0,
3603498,0,boundary_construction,Second worst president after Joe Biden.,twitter,2024-10-01 14:32:19+00:00,0,0,original_stratified,Qwen/Qwen3-14B,qwen3_14b,0,True,0,
322079,0,boundary_construction,"The rioters at the college campuses arent Anti-Israeli agitators. They are Hamas terrorists! At some point, theyre going to slaughter the brainwashed kids.",twitter,2024-05-10 11:20:18+00:00,1,1,original_stratified,Qwen/Qwen3-14B,qwen3_14b,1,True,1,
3293086,0,boundary_construction,You dont even live in Texas you clown,twitter,2024-09-21 15:10:53+00:00,0,0,original_stratified,Qwen/Qwen3-14B,qwen3_14b,1,True,1,
1960431,0,boundary_construction,#stitch with @Hawkeye Whackamole #GOP #wingnut #DNC :  the venn diagram between guys who say come on hawkeye you know the left the leftists are the same exactly the same it's one circle i mean anything blm did was perfect anything antifa did was perfect i mean y'all are the same it's like you think you're better than other people but you're not you're the fucking same goddamn wing nuts,tiktok,2024-07-22 13:14:30+00:00,1,0,original_stratified,Qwen/Qwen3-14B,qwen3_14b,1,True,1,
2410587,0,boundary_construction,"So listening to Donald Trump and Elon Musk, one of whom contributed mightily to the problem while the other . idk Elon you don’t seem to understand the complexity of inflation’s causes but you lowered prices when most were raising them, so maybe you do. Regardless, TBC",twitter,2024-08-14 05:51:01+00:00,0,0,original_stratified,Qwen/Qwen3-14B,qwen3_14b,0,True,0,
3947166,0,boundary_construction,There will be an armed civil war that will destroy the union.,truth_social,,0,0,original_stratified,Qwen/Qwen3-14B,qwen3_14b,1,True,1,
780606,4,boundary_construction,Women that are republicans are either brainwashed or stupid! The freedom of all girls and women are under attack by the GOP! Project 2025 is real and no women should back the Republican Party! Wake up women! These men in the GOP want to control all of YOU!,twitter,2024-06-13 13:37:36+00:00,1,1,original_stratified,Qwen/Qwen3-14B,qwen3_14b,1,True,1,
2568502,0,boundary_construction,"No way. She also contributes to the existing weirdness. Plus the Christo fascist Nazi wing of the formerly GOP, now MAGA party would have not supported a Punjabi candidate aka Nimarata Nikki Randhawa.",twitter,2024-08-19 19:35:29+00:00,1,1,original_stratified,Qwen/Qwen3-14B,qwen3_14b,1,True,1,
550918,0,boundary_construction,"We all know who Elon, Trump, Biden , Congress Senate all obey. It is not God. It’s ….can’t say or I’ll be dragged by Ben Shapiro to Poland and made to watch a show on a screen outside and be shown a film on a projector outside . Money changers rule the nations",twitter,2024-05-26 04:22:16+00:00,0,0,original_stratified,Qwen/Qwen3-14B,qwen3_14b,1,True,1,
2174772,0,boundary_construction,"I'm tired of them shoving their PC-ness down our throats. #fyp #foryou #kamalaharris #notlikeus #fypシ゚viral:  Men should never be in women's sports, period. I mean, it's something that the Biden administration and the potential future Harris administration does so well. Shove their PC-ness down our throats.",tiktok,2024-08-03 18:03:53+00:00,1,0,original_stratified,Qwen/Qwen3-14B,qwen3_14b,1,True,1,
714402,0,boundary_construction,Tiva says Good Morning. #foryou #tiktok #blowup #4u #trend #tandemdrifting #oof #foryoupage #fyp #fypage #foryoupage #foryou #trend #fypage #blowup #oof # #4u #fyp #tiktok #tandemdrifting #comedy #cute #fashion #foryou #foryoupage #funny #fyp #fypシ❤️💞❤️ #artist #comedy #cute #explorepageready #explorer #explorerpage #exploretheworld #fashion #foryou #foryoupage #funny #instadaily #instagram #best #comedy #cute #fashion #for #foryou #foryoupage #instadaily #instagram #like #love #mindset #motivation #nature #page #photo #post #reels #tiktoktrends #followme #fypシ #tiktokofficial #tiktokvideos #fypage #foryoupage #viralvideos #follow #fypchallenge #foryoupage❤️😍 #foryoupage💙 #cute #dog #doggo #doglife #doglove #doglover #doglovers #dogmodel #dogofinstagram #dogoftheday #dogphotography #dogs #dogslife #dogsofinsta #american #americanbullies #americanstyle #bulldog #bullybreed #bullylove #bullyworldwide #conservative #dog #dogs #animal #animals #cute #dog #doggo #doglovers #dogoftheday #dogs #dogsofinstagram #dogstagram #fashion #instadog #instagram #instapuppy #love #nature #dogsviral #dogsoftiktokviral #atlanticocean :  Isn't she lovely? Isn't she wonderful?,tiktok,2024-06-11 11:55:20+00:00,0,0,original_stratified,Qwen/Qwen3-14B,qwen3_14b,0,True,0,
1741577,0,boundary_construction,Read ‘Pettiest city in the world’: Milwaukee bars and nightclubs come together to devise fool-proof plan to deter MAGA patrons during the RNC on SmartNews:,twitter,2024-07-18 03:01:08+00:00,1,0,original_stratified,Qwen/Qwen3-14B,qwen3_14b,0,True,0,
724183,3,boundary_construction,Judge In Trump’s Documents Case Denies Motion to Dismiss Some Charges,truth_social,,0,0,original_stratified,Qwen/Qwen3-14B,qwen3_14b,0,True,0,
3254110,0,boundary_construction,The USA is soooo behind - and the GOP will take us even further back. Women currently serve as heads of state or government in 25 countries around the world.,twitter,2024-09-20 15:16:54+00:00,0,0,original_stratified,Qwen/Qwen3-14B,qwen3_14b,0,True,0,
1088331,10,boundary_construction,"#conservative #debate #embarrassing #brandon #virginia #wisconsin #georgia #michigan #nevada #arizona #pennsylvania #newjersey #fjb #letsgobrandon #realdonaldtrump #presidenttrump #donjr #millenials #trump2024 :  what could be said about Joe Biden in this debate? And I heard a clip that Dr. Jerk, his wife, goes, oh, he answered every question. He's honest. He's a crook. He's a corrupt bureaucrat, politician, who's been in office for 40-plus years and has a net worth 100 times what his pay was. That's an honest man. Joe, let's look at your finances over the years. Let's look at money that came to you from other governments. How much are you getting from Ukraine, Joe? You, your brother, whoever his name is, your son, your sisters. This is the most corrupt, dishonest president that has ever been in office. That has ever walked in the Oval Office. It is a disgrace. We are not fools. The Democrats think we are fools, but we are not fools. We need to change this November 5th. Everybody has Trump as a, he's going to ruin democracy. It's all about democracy. Look at his four years. Look at Biden's four years. Trump. Trump was weapon, Biden weaponized the Department of Justice, every possible department against this man. But yet Joe Biden, when the special counsel said, counsel said he's too old to be tried for basically his crimes where he had no business taking classified documents as a senator, as a vice president. But. Trump gets it up the old gazoo and Biden walks away. That's the swamp at its best. Wake up America and see what's happening. It could happen to us. Regular Americans. You need to all wake up, vote this corrupt family out. His wife is always covering for him. It's comical. The media is, oh, he's sharp. He's, he's. On point. The guy's fucking belongs in a, in a fucking nursing home. This is elder abuse. Jill Biden ought to be a disgrace. How she's covering this feeble, pathetic man who is not running this country. I'm going to guess that piece of shit and race divider Obama is. He always said he wanted a third term. Get rid of all. The. These people once and for all. Let's have a fair election, which I doubt they will. We better unleash attorneys and all those districts that were shady last four years ago. And we better have poll watchers. Nobody can be kicked out. They need to do something with the Supreme court to get this where they can't be thrown out. Joe Biden has done nothing. They say, oh, the. Great things he did. The inflation reduction act. That wasn't an inflation reduction act. That was an increase of inflation overspending printing money. That's all our government knows how to do. Let's drill in and war in Alaska. Take a piece to allow those permits to get approved. To work strictly on. Offsetting our deficit or $34 trillion, which we, the debt service on that with the way rates are is going to choke this country. And us Americans are going to pay dearly when the market crashes. When housing prices crash, when borrowing becomes almost impossible. This is now not a country of prosperity where people are going to be able to live. But it's also not a country of prosperity where people thrive to own their home and have equity. It's going to be a renter's. Society where everybody is paying rent and. And we'll not have the money to put down on a new home. Release our energy, lower our fuel costs. Get this inflation down by not printing money. By releasing our energy. This will lower inflation. This is a natural model. It will help us. This isn't rocket science. This is a business decision. You need to run this country like a business, not like a bureaucratic fucking bullshit waste of time having these politicians who never managed anything in their life. There could be some few business people that are in Congress or the Senate, but you look at some of them, the Schumers, Pelosi, Adam fucking Long Pencil Neck Schiff, Eric Swalwell, the guy's dating a fucking Chinese spy. I mean, are you fucking kidding me? I wonder what, check his banking records. Get a forensic account to check all these people over the last 20 years, and you'll wake up. They don't care about us, folks. They just care about their pockets. They set policies that are, bullshit. It only benefits them. They give more money to countries, they get kicked back through the back door. It's obvious. Ukraine, I want to give them a fucking dime. I don't really care. If we're going to help them, go in with our fucking troops. One thing Trump will do, he will end that fucking war. He will put Iran on notice. He will support Israel. Any person of the Jewish faith, that votes, votes for Biden, you're a fucking moron. You're a fucking moron. I think I support Israel more than these liberal, progressive fucking people of the Jewish faith. It's really scary that any Jew could vote for this guy. Trump's the ruination of our democracy. Oh, give, give it fucking up. We had four years. You know what it's about. Vote November 5th. Let's show these Democrats scumbags who's going to take over this country. The people of this country. The White House is the people's house. It's time. It's time to stand up and do something. Absolute time. We are ready to go.",tiktok,2024-06-29 13:39:35+00:00,1,1,positive_enrichment_round2,Qwen/Qwen3-14B,qwen3_14b,1,True,1,
2086783,5,boundary_construction,"Donald Trump fiercely attacks his opponents  #foryou #opponent #fierce #fyourpage #fypage #donaldtrump #joebiden #joebidenmemes :  As you know, five days ago, we officially defeated the worst president in the history of the United States, crooked Joe Biden. You know, I thought a lot about it. We defeated him. He was badly beaten. And you know, everybody was going to him, said, you can't beat him. You're not going to beat this guy. You can't beat him. Get out. Get out. We want you out. There was nothing nice about what they were doing. And they were saying, we want you out of the race. You're going to lose. We want to put somebody else in. How about that? It's like a prizefighter. He's losing badly, ready to be knocked out. And they say, well, wait, let's stop the fight. Let's put somebody else in. It doesn't work that way. And it's not supposed to work that way. And this really was a coup by the Democrats. This was a coup, nothing else. It will never happen. Not today. Not tomorrow. Not ever. Not ever. It will never happen. Not today. Not tomorrow. Not ever. Not ever.",tiktok,2024-07-27 22:48:25+00:00,1,0,positive_enrichment_round2,Qwen/Qwen3-14B,qwen3_14b,1,True,1,
280992,0,boundary_construction,This clown still pretends his party is better than the GOP as if they arent killing Palestinians together. Liberal hypocrites and their fake activism,twitter,2024-05-08 07:43:10+00:00,0,0,original_stratified,Qwen/Qwen3-14B,qwen3_14b,0,True,0,
3272794,3,boundary_construction,This here is why the DNC feels your community is stupid and will keep them in power while they import illegal migrants to take your place.,twitter,2024-09-20 22:36:26+00:00,1,1,positive_enrichment_round2,Qwen/Qwen3-14B,qwen3_14b,1,True,1,
342764,0,boundary_construction,This is all intelligent people need to know about bringing these terrorists and supporters o the US. Biden wants terrorism on American soil. Traitor!,twitter,2024-05-11 01:48:48+00:00,1,1,original_stratified,Qwen/Qwen3-14B,qwen3_14b,1,True,1,
3722953,0,boundary_construction,I LOVE THE DARK MAGA WHERE CAN I GET THE HAT?,twitter,2024-10-07 09:40:54+00:00,0,0,original_stratified,Qwen/Qwen3-14B,qwen3_14b,1,True,1,
3939503,0,boundary_construction,I hope after 7 days from now we never have to hear from that HOOKER ever again.,twitter,2024-10-29 20:26:09+00:00,0,0,original_stratified,Qwen/Qwen3-14B,qwen3_14b,1,True,1,
723676,0,boundary_construction,Trump2024 lets go! The only cult I see is the group of American hating degenerates in the democratic party,twitter,2024-06-11 16:50:05+00:00,1,1,positive_enrichment_round2,Qwen/Qwen3-14B,qwen3_14b,1,True,1,
887638,0,boundary_construction,Joe Biden is immaterial. He doesn’t make decisions. He could be placed in a jar of formaldehyde and the behind the curtain power structure would still say he is running things.,twitter,2024-06-17 14:47:31+00:00,0,0,original_stratified,Qwen/Qwen3-14B,qwen3_14b,0,True,0,
2384519,0,boundary_construction,"Aquecimento global, ou seria resfriamento.",twitter,2024-08-13 11:01:11+00:00,0,0,original_stratified,Qwen/Qwen3-14B,qwen3_14b,0,True,0,
3623205,6,boundary_construction,"#duet with @watermanDonald Trump threatening #jewish #Americans absolutely #disgraceful #fyp #foryou #disgrace #freedom #GOP #NEVERAGAIN #trumpisadisgrace #wewontgoback #KAMALA #MyMysticalSelf #trump :  Yesterday in Pennsylvania, Trump brought up crystal knot. Now I might be mispronouncing that word and I apologize for that. But I would imagine every one of them people in the audience has no idea what he was talking about. And I'd be willing to bet over half of them think when they hear the word Adolf Hitler, they think it's a salad dressing. But be that as it may. What he said yesterday is unconscionable for somebody running for the White House. He's inciting. And he mentioned Mike Kelly, the Republican senator there from Pennsylvania, to head it. All we need is just one night. That's all we need and we can end it immediately. November the 9th and the 10th of 1938, Germans went after the Jews. They destroyed them. They destroyed them. They destroyed their synagogues, their homes. They murdered them. That's what happened on crystal knot. And Trump wants that to happen here. In America. 85 years later, he wants the same thing in America. He wants to destroy the Jews. He wants to destroy the Jews. He wants to destroy the Jews. And I can't say brain dead and moron on TikTok. I can't say brain dead and moron on TikTok.",tiktok,2024-10-02 10:29:12+00:00,1,0,positive_enrichment_round2,Qwen/Qwen3-14B,qwen3_14b,1,True,1,
1868544,0,boundary_construction,Just remember if it was up to people like her she would eliminate people like us,twitter,2024-07-20 15:07:10+00:00,1,1,positive_enrichment_round2,Qwen/Qwen3-14B,qwen3_14b,1,True,1,
2606860,0,boundary_construction,Esa gente son los MAGA criollos,twitter,2024-08-20 18:50:53+00:00,1,0,original_stratified,Qwen/Qwen3-14B,qwen3_14b,1,True,1,
2414409,3,boundary_construction,"Criminals, money launderers, cartels &amp; speculators backing the GOP candidate. Totally on brand.",twitter,2024-08-14 12:16:46+00:00,1,1,original_stratified,Qwen/Qwen3-14B,qwen3_14b,1,True,1,
3969095,0,boundary_construction,And while I’m not naive. Liberal scumbags and traitors will never thank us.,truth_social,,1,1,positive_enrichment_round2,Qwen/Qwen3-14B,qwen3_14b,1,True,1,
583141,2,boundary_construction,"James Paterson is an IPA thug, he has no heart and no care for those who do not abide his RW reactionary conservative view of the world. He has no ability to empathise and should never be in a position where he could affect real people’s lives.",twitter,2024-05-28 23:11:36+00:00,0,0,original_stratified,Qwen/Qwen3-14B,qwen3_14b,1,True,1,
2283507,0,boundary_construction,Trump has nothing to gain.,truth_social,,0,0,original_stratified,Qwen/Qwen3-14B,qwen3_14b,0,True,0,
3176756,0,boundary_construction,The complaints prove without a doubt that HAITIANS ARE EATING OUR PETS. COMPLAINTS = PROOF,twitter,2024-09-18 18:19:03+00:00,1,1,original_stratified,Qwen/Qwen3-14B,qwen3_14b,1,True,1,
274017,0,boundary_construction,Late night find #late #night #finds #trump #tie #iowa #aura #viral #trending #fyp :  Just one more night in the fall Don't play pretend you heard it all,tiktok,2024-05-08 00:11:45+00:00,0,0,original_stratified,Qwen/Qwen3-14B,qwen3_14b,0,True,0,
3139327,2,boundary_construction,"are a hate filled cult, they want to k*ll or destroy anyone that disagrees with them. The is becoming more like Hamas, Hezbollah, etc by the day.",twitter,2024-09-17 20:37:23+00:00,1,1,original_stratified,Qwen/Qwen3-14B,qwen3_14b,1,True,1,
666103,0,boundary_construction,He’s pure evil.,truth_social,,1,0,original_stratified,Qwen/Qwen3-14B,qwen3_14b,0,True,0,
3781795,6,boundary_construction,"If you're still voting Democrat after this? Then yes,  YOU'RE a RACIST, when you support racism!🤦🏽‍♂️🤷🏽‍♂️ where am I lying? #fypシ゚viral #harris2024 #fyp #trump2024🇺🇸 #tiktok :  If he wins, God forbid, would you feel safe in this country? Would you stay in this country? Howard, I'm doing everything I can to make sure he does not win. What are these guys up to with mispronouncing your name? They act as if they can't say Kamala. Is it supposed to be an insult? Is it like Barack Hussein? Is it some sort of slur? We're going to be playing Black Jeopardy. The brothers were complaining about the prizes. They said they didn't want fried chicken from Roy Rogers. They said they get enough fried chicken. I'm here tonight, so it's all right. Ain't that right, you smelly? I didn't write that. Well, he is a smelly. The Honorable Clarence Thomas. Oh, oonga boonga. The black people are against me because they say that I'm not a real black man. I'm the one going to get lynched. Let me tell you something. We're going to be in trouble with the N-A-A-N-P, the E-C-O-C, and the E-I-E-I-O. Well, I just love to smoke reefer. Not going to light that on these airways. I'm going to be in trouble with the N-A-A-N-P, the E-I-E-I-O.",tiktok,2024-10-09 22:31:03+00:00,1,1,original_stratified,Qwen/Qwen3-14B,qwen3_14b,1,True,1,
86592,0,boundary_construction,"#stitch with @Date Right Stuff its looking grim my guy. #fyp #republican #democrat #rights #future #white :  Future, but how will we if everyone's either aborted or transgender? Or insufferable Republican men who just can't get laid. What are we gonna do?",tiktok,2024-04-17 23:49:40+00:00,1,0,original_stratified,Qwen/Qwen3-14B,qwen3_14b,1,True,1,
3990737,0,boundary_construction,Elon Musk Points to Where Theres a Lot of Opportunity for DOGE to Save Taxpayer $,truth_social,,0,0,original_stratified,Qwen/Qwen3-14B,qwen3_14b,0,True,0,
2478920,0,boundary_construction,A ecological mess Epic Fail: Broken Wind Turbines Pollute Beaches,twitter,2024-08-16 12:42:39+00:00,0,0,original_stratified,Qwen/Qwen3-14B,qwen3_14b,0,True,0,
3805090,0,dehumanization,"#donaldtrump #trump #debate #joebiden #kamalaharris #fypシ :  And Trump, you have two minutes. Why should Americans trust you over your opponent to deal with race? He did a crime bill 1994 where you call them super predators, African-Americans, super predators. And they've never forgotten it. They've never forgotten it. You never said no, sir. It's his two minutes. So you did that and they call you a super predator. And I'm letting people out of jail now that you have treated the African-American population community. You have treated the black community about as bad as anybody in this country. You did the 1990. And that's why if you look at the polls, I'm doing better than any Republican has done in a long time because they saw what you did. You call them super predators and you've called them worse than that because you look back at your testimony over the years, you've called them a lot worse than that. As far as the church is concerned and as far as the generals are concerned, we just got the support of 200, 250 military leaders and generals. Total support.",tiktok,2024-10-10 22:29:54+00:00,1,0,original_stratified,Qwen/Qwen3-14B,qwen3_14b,0,True,0,
3441253,0,dehumanization,Jillian Michaels: I Will Never Forget When Van Jones Said All White People All Have A Virus In Their Brain Called Racism,truth_social,,1,0,positive_enrichment_round2,Qwen/Qwen3-14B,qwen3_14b,0,True,0,
3849287,4,dehumanization,"Harris will do that too and the media won’t cover it. That’s the difference. Obama was the deporter in Chief. Biden deported more than Trump. Trump is a wolf, Harris is a wolf in sheeps clothing",twitter,2024-10-14 11:04:04+00:00,1,1,positive_enrichment_round2,Qwen/Qwen3-14B,qwen3_14b,1,True,1,
251345,0,dehumanization,"I didnt like Biden either. Im just cautioning against seeing Nazis in everything; its as weak, rhetorically, as calling someone a racist these days. It dehumanizes your opponent and ignores whatever their arguments are, even if those arguments are good/logical.",twitter,2024-05-07 09:14:47+00:00,1,0,original_stratified,Qwen/Qwen3-14B,qwen3_14b,0,True,0,
172141,0,dehumanization,"#christienoam #oldyeller #puppy #maga #cricket #tiktok :  No, Mama. There's no hope for him now, Travis.",tiktok,2024-04-28 14:36:29+00:00,0,0,original_stratified,Qwen/Qwen3-14B,qwen3_14b,0,True,0,
3184809,4,dehumanization,Melania Trump is a fraud and as corrupt as her husband. Despicable people! They can work illegally and lie about their visa while other immigrants are called murderers and rapists. Divisive people. Liars.,twitter,2024-09-18 21:27:35+00:00,1,0,original_stratified,Qwen/Qwen3-14B,qwen3_14b,0,True,0,
2053343,0,dehumanization,You can spin it however you want. Joe Biden is a Reptilian. I zoomed in on his eyes during whatever he mumbled about.,twitter,2024-07-25 21:51:48+00:00,1,1,original_stratified,Qwen/Qwen3-14B,qwen3_14b,1,True,1,
723783,2,dehumanization,"They have an entire laptop of crimes committed by Hunter Biden, in the same way they have proof of The Lock Ness monster, even though it’s just a blurry photo of a guy with two prostitutes that only looks like a Paleolithic sea creature.",twitter,2024-06-11 16:53:16+00:00,0,0,positive_enrichment_round2,Qwen/Qwen3-14B,qwen3_14b,0,True,0,
945836,0,dehumanization,"They are NPCs. Unable to think for themselves. Its not just them however, Mike Johnson is the same as Biden. Democrats arent the only problem.",twitter,2024-06-19 09:34:46+00:00,1,1,positive_enrichment_round2,Qwen/Qwen3-14B,qwen3_14b,1,True,1,
2740469,0,dehumanization,SEE WHO THE BUSH/SCHERF FAMILY BROKE BREAD WITH!NAZI KILLER JOSEP MENGELE!,truth_social,,1,0,positive_enrichment_round1,Qwen/Qwen3-14B,qwen3_14b,1,True,1,
264264,6,dehumanization,"Biden pushed segregation, Democrats pushed slavery YET Jews founded NAACP, marched with MLK, pushed desegregation into law as well as Civil Rights Act. So, why do the members of your community terrorize Jews?",twitter,2024-05-07 18:28:53+00:00,1,0,positive_enrichment_round2,Qwen/Qwen3-14B,qwen3_14b,0,True,0,
1914550,0,dehumanization,Maga represents a small subset of cuckoo birds. We’ve got this.,twitter,2024-07-21 17:10:44+00:00,1,1,positive_enrichment_round2,Qwen/Qwen3-14B,qwen3_14b,1,True,1,
3747038,7,dehumanization,Peak fighting scene 🗣️‼️ #animefyp #fyp #anime #viral #xyzcba #xyzbca #animescene #animefight #fight #assassinationclassroom :  playing by his rules Nagisa has absolutely no idea the world of hurt he's in for hello you've got where's that homicidal rage now you're on your ass you little snot rag Takaoka is a man possessed he's in battle mode years of elite military training cut through the insanity no attack is going to slip through his defenses his physique his skills his experience this isn't like scoring high on the finals this is life or death oh hey now don't peter out we're just getting started that's right we haven't incorporated this old girl into the mix well tonight I won't give that smug little pipsqueak the satisfaction I'll split you from groin to grin and savor the screams I'll sever your hands and feet and mount them above my mantle like trophies first have at least two weapons ready hand second you must be pitted against an expert third and most important your opponent must be a good fighter and a good fighter is the one who will be the best fighter in the world you must already know what it means to face death excellent we're three for three congratulations Mr Takaoka you get to be my beta test what is he doing loudly as you can come on do it careful timing just after dropping the knife the closer I get the more focused he'll be on the blade drop my weapon and his attention falls both caught in midair for just a fraction of a second foreign what the hell was that there it is an assassin slips through the cracks and in that tiny moment out comes the crucial second blade no this isn't happening the front got me again you you you you you you you you you you you you you you you you you you you you you you you you you you you you Ummm you you you too good Mr. Takaoka I Thank you for everything.,tiktok,2024-10-08 07:23:27+00:00,1,0,positive_enrichment_round1,Qwen/Qwen3-14B,qwen3_14b,0,True,0,
3833016,0,dehumanization,Finished my fair project finally,twitter,2024-10-12 07:37:25+00:00,0,0,original_stratified,Qwen/Qwen3-14B,qwen3_14b,0,True,0,
936702,0,dehumanization,The MAGA GOP Disease Vector Caucus. ‍,twitter,2024-06-18 23:19:11+00:00,1,1,positive_enrichment_round1,Qwen/Qwen3-14B,qwen3_14b,1,True,1,
704667,0,dehumanization,"The poster child murderer for the redneck bigot/racist MAGA white supremacists cult. Really, all he he could come up with was.Gay?! Seriously, not as lame as he is, but he couldnt get past one word? My hero.",twitter,2024-06-10 23:19:50+00:00,0,0,original_stratified,Qwen/Qwen3-14B,qwen3_14b,1,True,1,
1009439,12,dehumanization,"Biden works for Americans? Yes we Americans want electric vehicles, 87,000 IRS agents, tips taxed, open borders, high gas prices, work two jobs, high inflation, gaffe excuses, Russian disinformation,to weak to stand trial, subs near Florida, inviting Murderers &amp; Rapists, anti-Jew",twitter,2024-06-21 21:43:17+00:00,1,0,original_stratified,Qwen/Qwen3-14B,qwen3_14b,0,True,0,
967436,0,dehumanization,"#juneteenth #blacklivesmatter #trump #maga #election #usa :  I'd like to wish everybody a happy Juneteenth. Make you realize when you're black, when you're black, you're black. When you wake up black, you can talk a lot of shit. You can be African. You can be a light-skinned mixed person. You can be a lot of shit. But when you a straight-up nigga, when you wake up a nigga, and the police want to kill you, and everybody trying to set you up, you know what I'm saying? The system is designed against you. It's a moment that you have that they gave us a holiday for. So everybody that wake up a nigga, police trying to kill them, system trying to get you locked back up because they want us as slaves. And we still, for some reason, we still make the best slaves. For some reason, niggas make the best slaves. And they still trying to get us. So happy Juneteenth to everybody on the run, man. To my niggas on the run.",tiktok,2024-06-20 01:07:07+00:00,1,0,positive_enrichment_round1,Qwen/Qwen3-14B,qwen3_14b,1,True,1,
357553,3,dehumanization,Limited terrorist Attacks 1700 dead. Genocide 70K dead. Yeah Im not seeing WHY he would think one of those is a higher priority right? (DOES explain why the GOP thinks the .001% of Drag Queen/Trans that are Pedos are the prob vs the 80% that are White Conservatives though.),twitter,2024-05-11 18:57:25+00:00,1,0,original_stratified,Qwen/Qwen3-14B,qwen3_14b,0,True,0,
1771702,0,dehumanization,"Hey you know what would piss Donald Trump off more than anything in the world? Announcing youre going to discuss the future of your campaign, schedule it for 15 minutes before he goes on, and announce youre stepping down, so that no one watches his big speech",twitter,2024-07-18 16:53:41+00:00,0,0,original_stratified,Qwen/Qwen3-14B,qwen3_14b,0,True,0,
992823,1,dehumanization,"231. RFK Jr.’s VP Nicole Shanahan wants to roll back vaccinating kids against polio &amp; then if “there is a polio outbreak or a likely polio outbreak,” she would consider it “to prevent further transmission.” Since 1988, the incidence of polio worldwide has been reduced by 99%,",twitter,2024-06-21 05:44:56+00:00,0,0,original_stratified,Qwen/Qwen3-14B,qwen3_14b,0,True,0,
2120636,12,dehumanization,"#skincare #fypシ゚viral #trending #xybca #gopurebeauty @Gopure Absolutely love ❤️! #CapCut :  Welcome back to another unboxing video. This video is yet another skincare unboxing review. This time, we're working with GoPure. This video, we're working with a cream that specifically targets the wrinkles of your skin and any fine lines. It gets it gone. Any type of dead skin. Here's the before and after of this lady. So, we are going to try it out for ourselves and see how it goes. Can we talk about the packaging? Look how cute this little tiny bottle is. Like, it's so cute. This product is also dermatologist approved, gluten free, and cruelty free. You can use it in the daytime and nighttime as your GoPure routine. Make sure you are staying consistent. Delicate areas need time to show results. Take before and after photos to track your growing results. For best results, use twice daily. Apply access on back of your hands. So, it also comes with a cleanser, a toner, serums, moisturizer, and SPS. For those who wears SPS to protect their skin from the sunlight. Okay. This is how the consistency of the product look. I really do like the feel of this product. Like, it was really smooth on my fingertips. I definitely did like the feel of it. I love how it was easy to apply. Use this twice daily for the best results.",tiktok,2024-07-30 19:42:54+00:00,0,0,original_stratified,Qwen/Qwen3-14B,qwen3_14b,0,True,0,
905369,0,dehumanization,a plague of MAGA,twitter,2024-06-17 23:48:57+00:00,1,1,original_stratified,Qwen/Qwen3-14B,qwen3_14b,1,True,1,
781548,0,dehumanization,New Blog Post Alert! Bidens G7 trip gets off to an awkward start and Trump gets billboard attack on Capitol Hill: Follow all the biggest politics stories of the day via,twitter,2024-06-13 14:14:49+00:00,0,0,original_stratified,Qwen/Qwen3-14B,qwen3_14b,0,True,0,
3012230,0,dehumanization,"#duet with @MeidasTouch #trump #voteblue #speaksforitself #knowledgeispower :  This new viral video may have just exposed what is really going on with Donald Trump. You have to watch this video till the end. And my stupid people, when I wanted to refute it, they said, sir, don't dignify it with a refuddle. Have you been noticing peculiar behavior recently in someone you know? Someone who mixes fiction and reality? The late great Hannibal Lecter is a wonderful man. Perhaps someone of advanced age you have known for years. Did you just see Maduro? That is where it's unbelievable. Of course, we all have our goofs, but consistently odd behavior can be a sign of frontotemporal dementia, a degenerative disease of the frontal and temporal lobes of the brain that dramatically impairs cognitive function. And there are some key signs to look out for, like slurring words. The failing New York Times by. An anonymous really an anonymous struggling to find the correct words is another sign. The Mueller report, I wish covered the oranges, the oranges, the oranges of the investigation. You may also notice someone veering into incoherent ideas detached from reality. You know what I do if there was a shark or you get electrocuted? I'll take electrocution every single time. I'm not getting near the shark. variety. I'm all aboutya or an inability to complete simple sentences. Saudi Arabia and Russia will really. Other notable symptoms include impaired motor function such as a wavering limb and decreased balance. Often accompanied by a signature lean or archthis danceif someone, you know, is demonstration has evidence this is not to say it. must be relieved of critical responsibilities and disqualified from any position of authority. Remember, frontotemporal dementia is a degenerative disease. Cognitive function will never return and will only deteriorate further. Don't ignore the signs.",tiktok,2024-09-11 20:19:38+00:00,0,0,original_stratified,Qwen/Qwen3-14B,qwen3_14b,0,True,0,
1246246,0,dehumanization,"These are just a few of the puppet masters that control policy, Biden has never been in control!",twitter,2024-07-08 01:04:40+00:00,0,0,original_stratified,Qwen/Qwen3-14B,qwen3_14b,0,True,0,
1019478,0,dehumanization,This bothers you but the young women and children getting raped and murdered by illegal aliens dont. You’re an awful big hypocrite bud.,twitter,2024-06-22 11:23:24+00:00,1,0,positive_enrichment_round1,Qwen/Qwen3-14B,qwen3_14b,0,True,0,
3004573,0,dehumanization,اضعافا مربة عجائن وخى رنا تصالح اصقع,twitter,2024-09-11 15:36:48+00:00,0,0,original_stratified,Qwen/Qwen3-14B,qwen3_14b,0,True,0,
1165274,0,dehumanization,"Soooooo what youre saying is we should kill the tyrants Dope, I hope to see you and every single MAGA in a grave.",twitter,2024-07-04 16:14:05+00:00,1,0,positive_enrichment_round2,Qwen/Qwen3-14B,qwen3_14b,1,True,1,
743111,0,dehumanization,"If by cunt, you mean someone that points out obvious and irrefutable truth, then yeah, I suppose so.",twitter,2024-06-12 01:57:18+00:00,0,0,original_stratified,Qwen/Qwen3-14B,qwen3_14b,0,True,0,
3898210,3,dehumanization,"And Donald Trump said there were ‘very fine people on both sides’, Mexico was going to pay for the wall, the national guard should be used against people who disagree with him (enemy within), Haitians are eating pets…and the list goes on….",twitter,2024-10-21 23:37:47+00:00,1,0,positive_enrichment_round1,Qwen/Qwen3-14B,qwen3_14b,0,True,0,
857219,0,dehumanization,"Hopefully no more , of these parasites . .MAGA November 5th",twitter,2024-06-16 04:22:06+00:00,1,1,original_stratified,Qwen/Qwen3-14B,qwen3_14b,1,True,1,
257427,0,dehumanization,I want to believe but the state that elected DeSantis and Scott statewide - nothing to do with gerrymandering - failed miserably then knowing full well who those two were. What will make us believe the voters will be an different this time around?,twitter,2024-05-07 14:48:19+00:00,0,0,original_stratified,Qwen/Qwen3-14B,qwen3_14b,0,True,0,
3412169,0,dehumanization,"Im pretty sure you could say The left is trying to turn our country into an Arachnophobe and Maga would lose their shit and claim it is already happening. JD Vance would blame migrants, Trump would promise to deport all arachanas and some idiot would threaten the dems.",twitter,2024-09-24 20:22:47+00:00,1,0,positive_enrichment_round2,Qwen/Qwen3-14B,qwen3_14b,0,True,0,
310864,19,dehumanization,"Top Republican CRUMBLES On Live TV After EMBARRASSING Confrontation:  So you did not meet with Kim Jong-un. That's what you're saying. Oh, that's painful. Caught in a lie and watching her go down like that. I'm asking about that specifically because you made the point to bring him up twice and that he was a little tyrant. Do you have a question for me, Margaret? Yes, I do. South Korea is a treaty ally. North Korea is a nuclear-armed adversary. So that's a pretty big thing to confuse. I know you read this book before it was published because you released video of your recording of the audio book. You didn't catch these errors when you were recording it? Oh, Margaret, as soon as it was brought to my attention. You know, when the Republican Party kicks you out of their club, you must have really screwed up. I mean, this guy tried to overturn an election, orchestrated a coup against our government. He wants to shoot people at the Mexican border and put pregnant women in jail. And he hates dogs. He died like a dog. He lied like a dog. Choked like a dog. And that's why he died like a dog. He died like a coward. Whimpering, screaming, and crying. He quit like a dog. Just got thrown out of the Navy like a dog. And he was fired like a dog. Romney choked like a dog. He choked. They sweated like dogs. But he didn't shoot one. At least not yet. When I'm asking you about your book here, which we have. I'm just asking for why. Why am I being treated differently than every other person that you've interviewed? I've lost my temper. I've looked at your last several weeks of your interviews. I'm quoting you. You don't interrupt other people. You let them talk. Thank you for inviting me to have this conversation about this book. This book is extremely important to the people of this country. It is important because it's a how-to guide of what they can do to have input into their government, how we need breakers and builders in this world. And I'm taking responsibility for the change that we've made. Okay. And for the mistake in the book. And I've told you that. And I'm... No, it's not. What I've said is that I have decided... You're not taking responsibility for the mistakes in the book. I've decided this and... I'm saying that this book is very, very good. And I've met with many world leaders and that there are world leaders that I've met with that are in this book. There are many that I've met with that are not in this book. And this is an anecdote that I asked to have removed because I think it's appropriate at this point in time. But I'm not going to talk to you about those personal meetings that I've had with world leaders. Okay. I'm just not going to have that conversation because I think it's important. Oh, man, that's so bad. That, of course, is Kristi Noem, the governor of South Dakota, getting creamed on Face the Nation. Obviously, she's lying about Kim Jong Un, who, by the way, would never meet with a lowly governor of a state like South Dakota. Nobody lives there. There are three coyotes and a guy named Daryl. Anyway, she's caught in the lie and she's trying to blame somebody else, an editor or somebody. Except catch this. Governor Bimbo actually did the audiobook narration herself. She read the lies out loud. How stupid do you have to be to think you could get away with that lie? And anybody with half a brain has to know that stuff is traceable. I mean, how many Americans have met Kim Jong Un? I mean, we know she's a terrible person lying about everything from COVID to the 2020 election. And she's not only a bad liar. Why would you try and act like a tough guy with this North Korean wacko? And why would you go on Face the Nation when you have Hannity in your backyard? You could tell him anything. You could say, I was a spy and the North Korean trip was top secret. And he would fall all over you like a five year old at Baskin Robbins. But you see, Christie really thinks she has the stuff. She don't. So you did not meet with Kim Jong Un. That's what you're saying. Now, I've met with many, many world leaders, many world leaders. I've traveled around the world. I think I've talked extensively in this book about my time serving in Congress. My time as governor before governor, some of the travels that I've had. I'm not going to talk about my specific meetings with world leaders. Watch her. She is backed into the corner about the lie. You didn't catch any of those errors when you were recording it? She can't answer the question. I mean, if you knew you would lie and you're going on a show that isn't afraid of helping you look like a fool, why wouldn't you have an answer? I was drinking and I thought it was in North Korea, but it was actually a 7-11 in Tacoma, Washington. It's only slightly ironic that Noam gets the stories backwards. She said a lot about shooting the puppy and said, I've never been to North Korea, but I did stay at a Holiday Inn. I mean, no one reads these political bio books anyway. They're horribly written and there's absolutely nothing remarkable enough about these people to care. People buy them and give them to their crazy MAGA uncle who never reads it either, uses it to keep the kitchen table from wobbling. But if you're going to lie to Christie, she went a step too far. Making a lie no one can check. Like how you got up in the morning and ran 10 miles before shooting dangerous mountain lions about to attack a school bus. Not a 14 month old puppy. Dogs that have this kind of a problem, they are extremely dangerous and a responsible owner does what they need to do and what the law will allow. Not a lot of people I know of have gone out and executed their own dog. Who was her editor? Michael Vick. How utterly heartless do you have to be to shoot a 14 month old dog in the face? You can't just kill a dog because you're annoyed with it. I mean, if I killed every animal that annoyed me, I would be like the Genghis Khan of Christie Nomes. She grossly miscalculated and took her political chances to the gravel pit. I love dogs, man. Don't shoot a dog, OK? It's really. Christie Nome thought she could be the next vice president. That was the whole point of the book to appear tough and to be the kind of Trump with one at his side, which shows you how little she understands. Tiny fingers. But on the on this point, though, because you have been rumored to be a potential vice presidential candidate, as you know, and former House Speaker Newt Gingrich said killing the dog and then writing about it ended any possibility of her being picked as VP. You talk multiple times about it. In fact, at the end of the book, you say the very first thing you would do if you got to the White House that was different from Joe Biden is you'd make sure Joe Biden's dog was nowhere on the grounds. And you'd make sure that the commander say hello to cricket. Are you doing this to try to to look tough? Trump was never going to allow Nome anywhere near the ticket because that's not how Trump views women when he's not raping them or grabbing them by the Kim Jong Un, he treats them like cocktails. I mean, I don't want to get into it. It's very demeaning to women. And I love women more than I love anything. And of course, in what world did she think killing a 14 month old puppy would make her look tough? In fact, if there's one thing that brings Democrats and Republicans together, it's your love of dogs. The top potential running mate for Donald Trump is now defending herself after revealing in a new book why she shot and killed her 14 month old dog cricket. And then she said she thinks Biden's dog should be shot. Congratulations to your puppy at home if he made it through the weekend alive, doing a lot better than Kristi Noem's dog. But Noem has done everything Trump has asked her. She ignored the CDC and Fauci's recommendations to avoid super spreader events. Thousands of bikers are in South Dakota this weekend for the annual Sturgis motorcycle rally. Despite a recent surge in covid-19 infections and a spike in new cases tied to last year's gathering, and she denied the 2020 election results, despite more than 60 court cases confirming their authenticity. But in the end, she tried too hard. What do I mean? Well, she tried to be Trump. I am the chosen one. Somebody had to do it. Have you ever listened to Trump talk? If anyone knows how Donald Trump speaks in code, it's me. He's right. Trump repeatedly says things like, I hear people say people are saying or I heard of a report. He never says it happened to him. He learned this the hard way getting caught years ago when he said he saw large groups of Arabs celebrating 9-11 in New Jersey in a place where no one else saw them because it never happened. Trump has perfected the lie in the digital age. While The Washington Post has chronicled more than 30,000 lies in the Trump era, most of them did a flyover near the truth. And Trump uses that to justify the lie. For example, while Trump was going on about Hillary's emails, Russia, if you're listening, being deleted and using sensitive material for which he was totally exonerated by the FBI. No one was talking about Russia hacking the DNC and releasing thousands of internal Democratic emails. So what is it about Republicans that they think they can lie ad nauseum about events that are on YouTube where a seven year old can check and see the truth? That's a good question. They are all following Trump's lead. He says 100 inconsequential lies over here. And while we investigate them over here, he's meeting with Russians in the Oval or pardoning Manafort and Flynn or threatening the lives of his generals. So you did not meet with Kim Jong Un. That's what you're saying. Kristi Noem's mistake is not singularly hers. A lot of Republicans try to lie like chubby fingers, but fail miserably. And why wouldn't they? Trump is a sociopath and will not hesitate to leave you behind, as he did this weekend past, saying Kristi doesn't know what she's doing. She's gone. She's done. So drop the curtains on this idiot. But don't worry, this is MAGA country. Another one will pop up soon. Why would you want to be on a ticket with Trump where there's such a fundamental difference? Who's with me? Hi, what's up? On speed or something? I'm packing up. This isn't their Republican Party anymore. Am I wrong? We're in a lot of trouble, Donny. Thank you so much for watching. You know, YouTube frequently penalizes my videos for taking on controversial subjects, hurting our ability to earn ad revenue, which we use to hire more hosts and make more videos. We think it's so important to make these videos now and expose the Republican. So please join us on Patreon. The link is in the comments. We literally can't make these without you. Thank you so much for Really American Media. All of a sudden, this guy is like, I think he's crazy. I'm Chip Franklin.",tiktok,2024-05-09 18:50:00+00:00,1,1,original_stratified,Qwen/Qwen3-14B,qwen3_14b,1,True,1,
554318,1,dehumanization,"Greatest economy under Donald J Trump! #trump :  I know everybody. I know the smart ones. I know the dumb ones. I know the killers. I know the weak ones. I know them all. And you're going to see. But everyone was better off. We had the greatest economy in history. Everybody was better off under a man named President Donald J. Trump. Have you ever heard of him? Have you heard of him? We had gasoline down to $1.87 a gallon and actually times when it was much lower than that. We had a record low poverty rate for black Americans and Hispanic Americans. We had the lowest. We had the best poverty rate in terms of the positive number ever in our history for black Americans and Hispanic Americans. We lifted 6.6 million people out of poverty. Nothing like that has ever happened in our country. And the real middle class income rose over $6,000 a year. Think of that. Under Biden, it's a disaster. Real middle class income has fallen over $2,000 a year. That's a lot.",tiktok,2024-05-26 12:12:22+00:00,0,0,original_stratified,Qwen/Qwen3-14B,qwen3_14b,0,True,0,
3736954,4,dehumanization,👀👁️open up that third eye. Lizards vs erbody else n then there is Gods children 🗣️ trumpets going off can u hear it? Christ is coming w the clouds can u see it? Do you hear the new sonh? Have you feared the horse men? Famine sickness death war? But good news 🗞️! Siri sirius the new heaven? Sirius the star ? They want us to be slaves to our phones but we posses the darkness the dead giving artificial light… anyways.. siri play that new song. Play radio active…cuz we going up in tune baby but we gine keep the beat cuz the son has returned… let’s move it ppl 👣👀 stand on bidness! #followerofchrist #allpraisestothemosthigh #daughterofTHEKINGOFKINGS #nothingisimpossiblewithgod #hallelujah #sheloud #GODISGOOD :  They don't even know. The apocalypse already started. The zombies is walking around. The people that sleep. They're walking around us. Don't let them get you. Don't let them bite you. They like a snake. They fake. They not real. They not being real with you. They not telling the truth. They not being honest. Find the people who being honest. Find the people who being honest. The zombies. They zombies. We can wake the zombies up. But right now. That's how we gonna. Resurrect. The dead. They're dead. Their spirit is dead. We gotta shine their light. But we gotta. Start talking about this. Together. So we can figure out how we gonna do this. We gotta shine brighter. Shine like them stars.,tiktok,2024-10-07 21:31:58+00:00,1,1,positive_enrichment_round2,Qwen/Qwen3-14B,qwen3_14b,1,True,1,
1912559,2,dehumanization,"Nice try. Trump locked up kids in cages and separated them from the parents. Thats the difference. Under the Biden administration he’s deported more illegals but he’s doing it the right way, not treating humans like they’re cattle and lesser people.",twitter,2024-07-21 16:17:50+00:00,1,0,positive_enrichment_round1,Qwen/Qwen3-14B,qwen3_14b,1,True,1,
88469,0,dehumanization,Watch #monkeysoftiktok #bebetter #rs #watchithappen #goodpeople #bookofgopal #crunchsavannah #wordoftheday #thecarkraze #revuelto #gopalkaimal #frtho #real #imnotwrong #huracansucssor #bruh #fh6 #forzahorizon6 #caffeineandoctanejax #992gt2rs #porsche992gt2rs #lamborghinitormenta:  Outro Music,tiktok,2024-04-18 03:57:05+00:00,1,0,positive_enrichment_round1,Qwen/Qwen3-14B,qwen3_14b,0,True,0,
1869131,0,dehumanization,DEPARADO! Now they are dangerous.,truth_social,,1,0,original_stratified,Qwen/Qwen3-14B,qwen3_14b,0,True,0,
715021,2,dehumanization,Do you agree or disagree that the prosecutions of realDonaldTrump are political?,truth_social,,0,0,original_stratified,Qwen/Qwen3-14B,qwen3_14b,0,True,0,
313886,0,dehumanization,"#kingdom #kingdomofplanetoftheapes #apes #foryou #tiktok #trump #fy :  Follow Cobra to war. Apes win war. Apes together strong. Caesar, weak. Cobra, weaker. Not him. Him. You are not me. You are not me.",tiktok,2024-05-09 23:07:20+00:00,1,0,positive_enrichment_round2,Qwen/Qwen3-14B,qwen3_14b,0,True,0,
2785998,0,dehumanization,"The Rings Of Power and Politics. #lordoftherings #politicstiktok #theringsofpower #election2024 :  Most people don't realize that Trumporg and his most trusted liege, Vanskarth, and their legion of Magorcs seek to tear us under. The power of Harrison and her most trusted advisor, Walskillian. And bring about the end of America!",tiktok,2024-08-31 23:59:49+00:00,1,1,positive_enrichment_round2,Qwen/Qwen3-14B,qwen3_14b,0,True,0,
540016,0,dehumanization,"By the way, I think Trump is a cancer. Itd be best for everyone, especially the Republican Party, if he lost this election. However, Biden sucks. Four more years of Biden is going to be brutal.",twitter,2024-05-25 14:40:48+00:00,1,1,positive_enrichment_round1,Qwen/Qwen3-14B,qwen3_14b,1,True,1,
825372,13,dehumanization,"#duet with @briantylercohen #greenscreen #politics Vote Blue in November 2024! Or else it might be the last election you get to vote in. Join us in the movement to save our democracy! #yourvoteyourvoice  #yourvotematters  #flipca41blue  #bluewave2024  #bluewave24  #willrollinsforcongress  #voteblue2024💙 :  Project 2025. You may have heard about it in the news, but I want to tell you about the dangerous reality of what it is. Trump's Project 2025 agenda isn't just another policy plan. It is a 900-page blueprint for an authoritarian takeover. But let's talk specifics. This agenda aims to strip away women's reproductive freedoms by implementing a nationwide abortion ban, even in cases of rape or incest. It would also defund Planned Parenthood and other organizations that provide essential health services to millions of women. On the border, Project 2025 includes draconian border policies that are designed to tear families apart. It seeks, for example, to reinstate family separations and implement mass deportations, which would turn our immigration system into an instrument of cruelty. Project 2025 calls for the rollback of environmental protections, dismantling our regulations that keep our air and water clean. It proposes opening up national parks and protected lands to oil drilling and mining, which would of course prioritize corporate profits over our planet's health. This agenda is all part of the broader goal of the agenda. It is a plan that will allow the GOP to mold the country into their Christofascist fever dream. They want to erase the separation between church and state, pushing for mandatory religious education in public schools, allowing businesses to discriminate based on religious beliefs, and implementing laws that undermine LGBT rights. This whole plan is a direct attack on our democracy, aiming to concentrate power in the hands of a few while stripping away the rights and protections of the many. So this November, let's make sure that Project 2025 never becomes a reality.",tiktok,2024-06-14 21:47:52+00:00,0,0,original_stratified,Qwen/Qwen3-14B,qwen3_14b,0,True,0,
1694327,0,dehumanization,"Nothin like condemning yourself before the world so,proudly. No wonder Christ calls Biden a jackal.",twitter,2024-07-17 13:16:08+00:00,1,1,positive_enrichment_round1,Qwen/Qwen3-14B,qwen3_14b,1,True,1,
1551596,0,dehumanization,It’s funny how they call it a pew pew the shooter was definitely one of these creatures. Btw who TF cut this girls hair Joe Biden?,twitter,2024-07-14 17:38:55+00:00,1,1,positive_enrichment_round1,Qwen/Qwen3-14B,qwen3_14b,1,True,1,
1044665,3,dehumanization,"For more awesome streams follow me at twitch.tv/Omarachu  #twitchaffilate #twitchstreamer #twitch #twitchstream #horrorstreamer #retrogamer #retrostreamer #conservativestreamer #kick #kickstreamer #smallstreamer #omarachu #pikapals :  My flashlight don't work no more. I can't click my flashlight. I can't even see. Oh, dear. Okay. Oh, shit. Yo, thank you for the likes there. I appreciate that. Oh, my God. Oh, my God. Redhead. Lady, hi. Oh, jeez. Ew. Did she stomp on me to death?",tiktok,2024-06-24 15:14:57+00:00,1,0,positive_enrichment_round1,Qwen/Qwen3-14B,qwen3_14b,0,True,0,
3207725,8,dehumanization,"Trumpanella & the Hot Mess Republican Party inability to work together and pass any bill. #election2024 #nevertrump #kamalaharris #nevertrump2024 #walz #politicaltiktok #tiktokusa :  Good morning, everybody. Hey, it's Mike. Got my cup of coffee. Feeling awesome. Today's topic is Trumpanella and the hot mess Republicans. Remember, if you're enjoying the content, please like, follow, share, repost as often as you can. So what is Trumpanella? It's my term for the parasitic infection, stemming from Trump, of course, that has infected the Republican Party to the extent where they can't agree on anything, even though they hold the majority in the House of Representatives. Hell, they can't even keep their own Speaker of the House. I'm surprised Mike Johnson is still, you know, in play right now. They cannot agree on a spending bill, which means the government is going to shut down on October 5th. And this is going to impact adversely a lot of federal employees. Thank God Social Security and other necessary, you know, benefit programs are not affected by this. What this tells me is that this group, these Republicans, these hot mess Republicans, can't even agree on what kind of chewing gum to buy. Is it going to be Spearmint? Or is it going to be Juicy? Juicy fruit? Such a simple thing to do to get along, which they can't do. They are infected by Trumpanella. And Trumpanella is a parasitic infection. Now, a parasite burrows itself inside the host, and then it lives off it and relies on it for its existence. And unfortunately, most parasitic infections come back. They never go away. And they resurface every few years. Well, this is what's happened with this particular strain of Trumpanella. Here's what I suggest that we do. Here's the cure. The cure is to elect every Democrat that we can to not allow any Republican candidate, especially those that are mega related, you know, or supported, and get those guys out of office. And let's get the Democrats back in the majority in the Senate and the House. And let us get things going again in the right direction. Let's elect President Harris, Vice President Walz, and as many more Democrats as we can. And it doesn't matter at what level we are voting. Let's get every Democrat that we can back into office. So this is my thought for the day. Let's cure Trumpanella. Let's get rid of these hot mess Republicans. And let us get things straightened out. Those are my thoughts for today. I hope you're enjoying the content. If you are, again, please like, follow, share, and repost. See you later.",tiktok,2024-09-19 14:19:14+00:00,1,1,positive_enrichment_round1,Qwen/Qwen3-14B,qwen3_14b,1,True,1,
782632,3,dehumanization,"Of corse, Biden is negotiating &amp; also funding terrorists instead of allowing Israel to destroy Hamas. Biden has unleashed the worst antisemitism in the US in a lifetime. Jews will be voting for Trump ( and yes, even the ones who say they won’t) . Trump or one way ticket to .",twitter,2024-06-13 14:54:36+00:00,1,0,original_stratified,Qwen/Qwen3-14B,qwen3_14b,0,True,0,
3180108,3,dehumanization,"#algorithm #fyp #tiktoktips #tiktok #fypage #voteblue2024💙 #fyp :  So I have this new favorite song, right? So I'm going to sing it for you guys, right? Are you guys ready? They're eating the dogs, they're eating the cat. Eat the cat, eat the cat. They're eating the dogs, they're eating the cat. Eat the cat, eat the cat. They're eating the dogs, they're eating the cat. Eat the cat, eat the cat. Don't forget to vote, you guys. Seriously. They're eating the dogs, they're eating the cat. They eat the cat. Oh trust, they eat the cat!",tiktok,2024-09-18 19:45:16+00:00,1,0,original_stratified,Qwen/Qwen3-14B,qwen3_14b,1,True,1,
1567644,0,dehumanization,MAGA is a cancer that needs to be cut out. My tent doesn’t include people like Amber Rose.,twitter,2024-07-14 23:28:49+00:00,1,1,original_stratified,Qwen/Qwen3-14B,qwen3_14b,1,True,1,
1057149,0,dehumanization,"When u got no cat food and u aint got no miney till theusday evening… smh #kittensoftiktok #ACCESSTOTRUEKNOWLEDGE #JESUSLOVESALL #kittenheaven #trump2025 #FREEDOMOFSPEECH #LOVETHYNEIGHBOR #california #gofundmehelp #donatetohelpkittensanscats #animaldonations #needhelp #universallove #tiktokconspiracy #conspiracy #COD #saveouroceans #saveourplanet #saveourpeople :  You think i'm gonna escape my family's gone Eating my friends together I don't know if that's really good for you though, buddy Beef bread isn't even good for us Have you ever been to marina? I don't know what you have a couple of bags They say a thousand slaves died building the great pyramid of marina Now all the slaves are searching for decades You want some baby milk? Do you want the down one? Even the great masters are worried? If they're smart, they're great Hey When you come back after all this time Expect everything to be the same You say you took too long That helped, huh? That better did Keep this power in king's blood Deserve a job I'm gonna get you a free beret Look at my crystals Hey Because it's right Tell me my one Oh man, you got your little cat paw hairs all over it It's okay I definitely just ate some You poisoned my son Take him I gotta clean your eye papa I'll give you some medicine after this Now where is my water? Open You realize why sin's life has cost me my life Why is it my A button? You still going at it? Hopeless",tiktok,2024-06-25 22:14:47+00:00,1,0,positive_enrichment_round2,Qwen/Qwen3-14B,qwen3_14b,0,True,0,
2591351,0,dehumanization,Love everyone besides the cancer that is MAGA. A cancer ruining our country that should induce hate,twitter,2024-08-20 06:18:11+00:00,1,1,original_stratified,Qwen/Qwen3-14B,qwen3_14b,1,True,1,
3078642,0,dehumanization,"JD Vance attempts to justify spreading lies about Haitians eating pets in Springfield, Ohio telling Dana Bash she should just shut up about it #jdvance #Haitians #springfieldohio #danabash #erikalee #trump :  Good morning, players. We have yet another despicable, disgusting, and misogynist display by J.D. Vance. This morning, he was on with Dana Bash, and she was pressing him on this big lie regarding Haitians in Springfield, Ohio. J.D. Vance continued to double and triple down on these big lies that Haitians are eating pets in Springfield. And as we all know, this has caused complete chaos in Springfield, Ohio, although the mayor and everyone has said that these claims cannot be substantiated. So Dana Bash was pressing J.D. Vance on this, and he told her to shut up. Y'all watch this video. See you on the other side. Then that's what I'm going to do, Dana, because you guys are completely letting Kamala Harris coast. Sir, you just said that you're creating the story. What's that, Dana? Yes. You just said that this is a story that you created. So the eating dogs and cats thing is not... We are creating... We are... Dana, it comes from firsthand accounts from my constituents. I say that we're creating a story, meaning we're creating the American media focusing on it. You accused me of causing a bomb threat. Doesn't that mean you should shut up about the residents of Springfield? I was quoting the actual mayor of Springfield, Ohio, begging after the... appointing and beating an hour, after the President Biden. Reading publicbia... Nobody wants Sarah 떠�idences, Vance says. So it's 열 sitting here on Armenian유пиетсына как и вы первая алияния опerg cam cát chance to fall in between two kids, less than seven months, five and two years, including her older sister, Thanks to Corona, the new cannot be substantiated let's talk about where they came from so i'm pretty sure you guys know about the origins of this big lie regarding haitians eating pets but if you don't grab your tea and have a seat so apparently uh it began with a woman named erica lee posting in the springfield ohio uh facebook page saying that uh her neighbor informed her that her daughter's friend had lost a cat and she checked all kennels and all this kind of stuff and one day she came home from work and looked toward her neighbor's house where the haitians live and saw them hanging cats from a brand oh now that things have went from sugar to shit in springfield ohio uh erica lee has came forward and stated that uh look i'm a part of the lgbtqia plus community i'm not racist i have a half black child and uh i uh did not have any evidence to substantiate these claims but it's too late erica because just yesterday springfield ohio had more boom threats coming to the town in fact the proud boys rolled on in to springfield ohio because of this big lie that she started and now uh frumpy dump and the magamites have gotten a hold of it and uh it's just absolutely despicable and disgusting uh the haitian community does not feel safe they even had to lock down the college because of threats to haitian americans that are attending the college it's disgusting and despicable now we already know about the video that frumpy dump shared on social media of this lady that has mental health issues uh being arrested for allegedly eating a cat she's not even uh haitian and uh it was in a complete uh completely different town we know about that we also know about the 9-1-1 call that was made from some random person saying that uh they saw some haitian people uh grab some geese from the pond but when the police arrived they could not uh did not find any evidence of that but let's talk about this photo that maga has been sharing around as their evidence that haitians are eating the pets this is a photo that maga has been sharing around and the ohio wildlife organization issued a statement on this photo saying that this man was actually picking up two geese that were hit by a car in And he's not Haitian. Even the mayor is saying we need help, not hate. But that didn't stop the Proud Boys from marching down on Springfield, Ohio yesterday, stoking more hate in the Haitian American community. It is absolutely disgusting. But J.D. Vance sat on national television and told a woman, Dana Bash, to just shut up about it. No, you need to shut up about it because look at what you've done. It's absolutely despicable and disgusting. And this is what four years would look like with Frump and Dump as the president and J.D. Vance as the vice president, refusing to take accountability for the shit that they've done time and time again. Players, y'all know my opinion is not the only one that matters. I want to know yours. Put it in the comments. This is Double D Moe for the Black Root News.",tiktok,2024-09-15 16:38:47+00:00,1,0,positive_enrichment_round1,Qwen/Qwen3-14B,qwen3_14b,0,True,0,
269531,6,dehumanization,"US is ruled by Israel. And 85% of Jews voted for Biden and hate whites. Side with Palestine. Just as Jews dehumanized Palestinians and destroyed Palestine, they dehumanize whites and push White Nakba.",twitter,2024-05-07 21:27:34+00:00,1,0,positive_enrichment_round1,Qwen/Qwen3-14B,qwen3_14b,1,True,1,
2734323,13,dehumanization,#Trump VS #Biden : 人我保住了金我取到了看老孙啥功名不要只求回到这花国山中了阔骨消耀日子上面的天王老子信不过我不懂让你小子带些虾兵蟹将过来虚张声势又想扶我回去做神仙我也懂我不懂的是你他娘的事杀我猴子猴嘴啊容易穿斗还不退下东西好了他不是只古通猴子他是有功的猴子是封过佛位的猴子车历除了我没有人配给他扮演胡孙啊胡孙我本不想与你这个手下败将在一起这样吧一会儿若是你败了我带你回天庭他们留在这里铲平花果山若是我输了我定然不会罢休他们照样铲平花果山哎呀哎呀生灵涂炭好歹也同聊一场是真不像啊要不你现在就跪下认个错这事就算过去了如何这么多年了除了那只猪头我还能说一句话吗我还能说一句话吗就说你最会扯淡最能逗老孙开心养兄弟你放心待会儿我只拔下你额头上那颗眼睛长成仙其他两颗仙给你留着我让你亲眼看看我是怎么杀光千情每一条狗的这里的杀你个人还有刚刚那条黑的留下点一起上吧斗战胜伏你可知这长生不老的佛位有多少人求而不得长生不老三见六道不就毁在这四个字上不就毁在这四个字上不就毁在这四个字上,tiktok,2024-08-28 21:07:46+00:00,1,0,original_stratified,Qwen/Qwen3-14B,qwen3_14b,0,True,0,
2262895,0,dehumanization,Why haven’t you agreed to other two debates? Chicken mala,twitter,2024-08-08 23:40:01+00:00,0,1,original_stratified,Qwen/Qwen3-14B,qwen3_14b,1,True,1,
3730913,5,dehumanization,"OMG!!! Trump talked about Criminal that crossed the border illegally will Spread their GENES.  Must Watch  #trump #biden #kamalaharris #coconut #dems #conservative #republican #black #news #tiktok #politicaltiktok #politics #election #republican #democrats #liberal #conservative #genes :  Donald Trump during an interview with Hugh Hewitt this morning and talking about immigration and brings up genes. And by that, I mean genetics and the genes of immigrants coming to this country. I want to listen to this. We're going to listen to it for the first time altogether here. OK. How about allowing people to come to an open border, 13000 of which were murderers? Many of them murdered far more than one person. And they're now happily living in the United States. You know, now a murderer. I believe this. It's in their genes. And we got a lot of bad genes in our country right now. We have a lot of bad genes in our country right now talking about the immigrants who come over. He was calling them murderers. That discussion about the genes of immigrants. Aisha, your first reaction. My first reaction is that we have long known that Donald Trump has revered the Nazis. He has revered Hitler. He's read his book. He used to say he had it on his nightstand. Donald Trump has had a very sinister philosophy, wanting to be a dictator, absolutely dividing people up based on who they are, based on factors about them that have to do with their race and their gender, et cetera. And when he uses language like this, I don't think he'll ever get rid of our indigenous history. that it's a Freudian slip. I think that the danger of a Donald Trump is that he would absolutely try to exterminate an entire group of people because he thinks that their genes are somehow different than his and faulty. And I say this with all the sternness that you hear in my voice because it is serious and Americans should recognize that. Lonnie, we got to run, but I want to give you one chance to comment on that. Yeah, I mean, I think that's a little over-torqued, quite frankly, but clearly this is an example of an issue where Trump would have the opportunity to have an advantage, which is immigration, but comments like this are certainly not useful in driving that advantage. And so we'll see where this goes. This is going to be a critical issue, John, as we go into the last 28 days, how people feel about immigration and control of the border is going to be a critical issue in this election as well. All right. Well, I'm going to go back. You can listen to that again and more of it there, but an interesting discussion whenever someone brings up genes and genetics.",tiktok,2024-10-07 18:34:24+00:00,1,0,original_stratified,Qwen/Qwen3-14B,qwen3_14b,0,True,0,
3979565,0,dehumanization,FBI brass stunned and shell shocked over Trump reelection,truth_social,,0,0,original_stratified,Qwen/Qwen3-14B,qwen3_14b,0,True,0,
2387044,0,dehumanization,Elon Musk is a metastasis of Donald Trump.,twitter,2024-08-13 13:18:52+00:00,1,1,original_stratified,Qwen/Qwen3-14B,qwen3_14b,1,True,1,
3882042,1,dehumanization,Biden never said that. Its also too late,twitter,2024-10-18 21:11:19+00:00,0,0,original_stratified,Qwen/Qwen3-14B,qwen3_14b,0,True,0,
470343,0,dehumanization,"Dotard Joe, whenever he arrives someplace.",twitter,2024-05-18 19:20:42+00:00,1,0,positive_enrichment_round2,Qwen/Qwen3-14B,qwen3_14b,0,True,0,
3352571,0,dehumanization,is just like an egg sucking dog? And eats dogs? What’s next Jd Vance over RFK Jr BBQ pit?,twitter,2024-09-23 04:06:05+00:00,1,1,original_stratified,Qwen/Qwen3-14B,qwen3_14b,1,True,1,
697590,11,dehumanization,"He's literally telling em what he thinks about em but they're too dense to grasp it. #narcissist #trump #trash #abuser #evil #dropthefairytales #embracereality #ridiculous #fyp #Christianityisabusive #Christianityistoxic #christianitytiktok #Christian #beliefs #childish #growup #eradicateit #enoughisenough #Maga #cult #brainwashed #voteblue #💙💙💙 #womensrights #project2025 :  We need every voter. I don't care about you. I just want you to vote. I don't care. For once, I was telling the truth. I really don't care about my followers and I couldn't possibly give less of a shit about these people. I've always known that these people are the shit stains in America's underwear. They are fat, racist, uneducated leeches who suck America dry with their dependency on government handouts. They're so devastatingly stupid that they don't see any irony at all in their white supremacist hatred. And I don't give a flying fuck about these stinking wads of fecal matter. I don't care about you. I just want your vote. I don't care. To me, they're nothing but objects to be used and tossed out like lint or a bottle cap. I just want their votes. I don't give a shit about these worthless rednecks. I'm not here for them. I'm only here for me. And as long as these ignorant shitheads show up to hear me tell them how much I don't care about them, I'll continue to think I have a shot at the presidency, which is pretty much a makeover. Take or break situation for me. At this point, it's either president or jail for life. How fucked up is that?",tiktok,2024-06-10 18:44:02+00:00,0,1,original_stratified,Qwen/Qwen3-14B,qwen3_14b,1,True,1,
295915,0,dehumanization,He’s the jungle blks Biden talks about!,twitter,2024-05-08 20:27:19+00:00,1,1,original_stratified,Qwen/Qwen3-14B,qwen3_14b,1,True,1,
2415579,0,dehumanization,Shouldnt everyone be dead by now? Monkey pox? Flu? Covid? Bird Flu? Cow disease? Everything that has happened and been recycled to scare us? Everyone should be dead by now.,twitter,2024-08-14 13:07:38+00:00,1,0,original_stratified,Qwen/Qwen3-14B,qwen3_14b,0,True,0,
2298958,8,dehumanization,Sure because 20% inflation high inflation high mortgage rates high gas prices high grocery prices 2 wars unrest in the Middle East open borders illegal’s raping and murdering American women and children is such a winning message Harris biden did that,twitter,2024-08-10 07:36:44+00:00,1,0,original_stratified,Qwen/Qwen3-14B,qwen3_14b,0,True,0,
1015663,0,dehumanization,$1 million? Should be no amount of bail to release these animals. The shots be held in a hungry tiger cage at a zoo to await trial. Damn savages.,twitter,2024-06-22 02:39:33+00:00,1,1,positive_enrichment_round2,Qwen/Qwen3-14B,qwen3_14b,1,True,1,
2301671,2,dehumanization,Neglecting the Border? No Biden Harris Myorkas Entire Biden Cabinet beholden to UN Global Agenda Migration 2030. Biden Harris released commitment 12/21 2015 UN Charter SDGS. Theft of US Taxpayers in TRILLIONS given away to millions migrants IS CRIMINAL NO CITIZEN VOTED FOR THIS,twitter,2024-08-10 13:07:47+00:00,0,0,original_stratified,Qwen/Qwen3-14B,qwen3_14b,0,True,0,
2692753,15,dehumanization,"Just in; Trump inleashes on Biden over disastrous Afghanistan withdrawal #trumpspeech #nabj #trump #blackjob #political #uspolitics #biden #trump2024 #news #currentevents #harris #vpharris2024 #fyp #viral #afghnistanwithdrawal #bidenfail #trumpspeakout #abbeygateragedy #foreignpolicy #bidenharrisfailure :  This month marks the three-year anniversary of the most embarrassing moment in the history of our country. Kamala and Crooked Joe's catastrophic withdrawal from Afghanistan has just been horrible for all of us. Three years ago, Kamala and Biden's incompetence left 13 dead warriors, hundreds of civilians killed and grievously wounded, and $85 billion worth of the finest military equipment on the planet abandoned to the Taliban, right into the hands of the Taliban. It also left 45 incredible soldiers so badly wounded, the legs, the arms, the face, obliteration. As Vice President, Kamala bragged that she was the last person in the room. She was the tough one. She was the last person in the room. During that disastrous withdrawal from Afghanistan decision, she repeatedly praised the decisions and she said, it led to a catastrophe, but it was worth it. The incompetence and weakness on display from the Biden-Harris administration was an insult to everyone's confidence in the country. Every soldier, sailor, airman, and Marine who ever served in our U.S. military. As we mark this horrible occasion, we mourn with the families of the great American heroes who lost their lives three years ago, and we vow to never forget the supreme sacrifice they made for our country. America cannot afford four more years of Kamala Harris in the White House. She is a disaster. She's a radical Marxist. She destroyed San Francisco. She destroyed the state of California. Everything in her way, she destroyed. She ran against Crooked Joe Biden and she lost. She was the first one out of 22 people. She was the first one to quit. She never even in the primary made it to Iowa. And this is not a person that should be running right now. She didn't get one vote. I'm not a fan of Biden at all. I thought he was the worst president in history. I think she's the worst vice president in history. But she got no votes. He got 14 million votes. They staged a coup. And something like that's not supposed to happen in our country. Under my leadership, our nation will be strong and respected like never before. And I will keep America safe. I will keep it safer than ever before. And if I'm not elected, I truly believe you're going to end up in World War III. And you're going to end up in a depression the likes of 1929. Thank you very much.",tiktok,2024-08-26 15:25:46+00:00,0,0,original_stratified,Qwen/Qwen3-14B,qwen3_14b,0,True,0,
2090791,3,dehumanization,Don't miss this #FunnyVideo! 1st Cousin Marriage & #UFO Evidence. Comment & Share! @politipod #RealNewz Anchor #Republicans #GOP #Aliens #PoliticalHumor #Kentucky #Legislation #UFOs #Extraterrestrials #AlienLife #Comedy #UAP #NinaSimoneOfComedy #BlackTwitter #humor:  A Kentucky Republican introduced a bill to legalize sex with first cousins because it's so stressful dating online. Oh. A U.S. intelligence officer claims the government has found a UFO containing non-human biologics and coffee cups from Mulder and Scully.,tiktok,2024-07-28 11:07:12+00:00,1,0,original_stratified,Qwen/Qwen3-14B,qwen3_14b,0,True,0,
3863857,0,dehumanization,Donkeys. One of the most dangerous animals in the world believe it or not. Friendly unless provoked. Theyll face a pack of wolves with no problem. Fukkin savage.,twitter,2024-10-15 15:57:45+00:00,1,0,positive_enrichment_round1,Qwen/Qwen3-14B,qwen3_14b,1,True,1,
1782565,0,dehumanization,It’s kind of impressive how he’s parasited the GOP.,twitter,2024-07-18 19:41:33+00:00,1,1,positive_enrichment_round1,Qwen/Qwen3-14B,qwen3_14b,1,True,1,
1536349,1,dehumanization,no either maga took it away or it got obliterated into oblivion like any other flesh did by bombs in Gaza,twitter,2024-07-14 12:12:31+00:00,1,0,positive_enrichment_round2,Qwen/Qwen3-14B,qwen3_14b,0,True,0,
1532608,1,dehumanization,Biden is funding TWO wars and youre yapping about preaching hatred and violence Dems are the phoniest political party in America,twitter,2024-07-14 10:14:26+00:00,0,0,original_stratified,Qwen/Qwen3-14B,qwen3_14b,0,True,0,
1996536,0,dehumanization,Maga is panicking . They know they are going down !,twitter,2024-07-23 21:09:33+00:00,0,0,original_stratified,Qwen/Qwen3-14B,qwen3_14b,0,True,0,
2349327,0,dehumanization,"On truth social, they are at each other throats in a MAGA groyper war and on Twitter, MAGA is remembering that Walz has served this country in multiple roles. Amazing things happening in GOP land",twitter,2024-08-12 03:01:06+00:00,0,0,original_stratified,Qwen/Qwen3-14B,qwen3_14b,0,True,0,
590164,2,dehumanization,"Young and dumb the only way feminism and the alphabet mafia survive. 100% indoctrination by schooling system. Once these people hit their 30s and realize that government produces NOTHING and is a parasite on everyone, thats when they start voting conservative. Its take a few yrs",twitter,2024-05-29 23:03:42+00:00,1,1,positive_enrichment_round1,Qwen/Qwen3-14B,qwen3_14b,1,True,1,
1752140,0,dehumanization,What creature is this? 😳 #amazon #amazing #crazy #argentina #france #republican #nature #sea #ocean :  ¡Suscríbete al canal!,tiktok,2024-07-18 09:17:52+00:00,1,0,positive_enrichment_round1,Qwen/Qwen3-14B,qwen3_14b,0,True,0,
2324375,0,dehumanization,"Wasn’t Carrilon the home of lizard people, just like the weird deep state nonsense the MAGA weirdos keep talking about?",twitter,2024-08-11 03:27:10+00:00,1,0,positive_enrichment_round2,Qwen/Qwen3-14B,qwen3_14b,1,True,1,
3007259,0,dehumanization,"So, the immigrants from Haiti WERE eating family pets! Hmm, why would ABC moderators and Kamala Harris all want to deny it? What was the point Trump was ultimately trying to make and do the democrats (including legacy media) take issue with that point?",twitter,2024-09-11 17:15:18+00:00,1,0,positive_enrichment_round1,Qwen/Qwen3-14B,qwen3_14b,1,True,1,
331531,9,dehumanization,"did we all just forget that #parasites exist? bring back #scientificliteracy please. For the love of science #rfk:  So, looking at the book app today, I have realized how little of scientific literacy anybody has in the world anymore. Because apparently everybody forgot that parasites are a thing. Yeah. Fun fact about that, pretty much we are one of the only countries that doesn't regularly de-warm ourselves, but yet we are constantly eating undercooked food, we are constantly eating raw fish, and it never crosses our minds to, you know, de-warm ourselves when we're literally investing worms. But I know, it sounds fucking crazy, right? Further, did you know that the CDC actually estimates that about 60 million Americans have parasites? So that means like one in every six of us. One in every five, one in every six. It's more like 5.5, whatever. Yeah. One in every six. Let's just go above. One in every six person has a fucking worm inside of them right now. Funny. But you know, hey, funny headline. It makes someone sound crazy. I guess, you know, the CDC is crazy too. Did you know that parasites affect billions of people? Billions. Billions. You know why when you go to a doctor they ask you if you've been outside of the country in the past like couple weeks, like three months I think sometimes they ask? It's because they're trying to decide. Yeah. They're trying to decide. Yeah. It's like a paper. It's like a paper. If you've been to an area that is prevalent for parasites. Yeah. Because they can cause severe problems and actually the leading cause of preventable epilepsy is because of parasites. Crazy. I know it's fucking crazy. Oh man. Science. Who the fuck? Why would anyone want to like listen to science? Yeah. Because if you take half of the scientific knowledge that we have and you make it sound like a sensationalized headline. Yeah. You can make anybody sound crazy. Um. But yeah. So just a friendly reminder guys. Parasites, including brain parasites, are a very real common problem. I've been wanting to deworm myself for a couple years now but I'm just honestly afraid to because I am not going to be cool with going to the bathroom and seeing a long worm in my poop. Ew. But I digress. Uh. Friendly reminder guys. Parasites exist. Yeah. Awesome. And by the way, the whole thing came from a deposition and a divorce hearing. Like, so anyone trying to say he's, you know, making some big media play or whatever. No. That's the media digging into something they had to go 12 years back and dig into a divorce proceeding where he was talking about his finances and his health issues, which is an above board something that you would do during a fucking divorce deposition. Anyway, so yeah. You just have to keep making shit up about him. And everyone just falls for it. Hook, line, and sinker. I, for one, absolutely find it hilarious that everybody just completely forgot that brain parasites exist. What a time to be alive.",tiktok,2024-05-10 17:57:31+00:00,1,0,positive_enrichment_round2,Qwen/Qwen3-14B,qwen3_14b,0,True,0,
329786,4,dehumanization,"#duet with @Randy Hedge | Wealth Mindset #conservatives All Facts I believe everything He said 🤌:  The food stamps program is administered by the U.S. Department of Agriculture. They proudly report that they distribute free meals and food stamps to 46 million people on an annual basis. Meanwhile, the National Park Service, ran by the U.S. Department of Interior, asked us to please do not feed the animals when we visit the parks. Their stated reason for this policy is being that the animals will grow accustomed and dependent on the handouts, and they will never learn to take care of themselves. Now, let me be clear. I have no problem helping people. I believe we need a social safety net. I think we should always help the homeless, the disenfranchised, those families that are struggling. I have no problem helping them. I have no problem helping the elderly, disabled, our veterans, the children. But shouldn't we create a program that at least has the same common sense that we use for animals? You see, if we continue to create a welfare state, if we don't allow people to better themselves, then we will always have the problems we have. Give me a like, a follow, a share if you like what I'm saying. Have a blessed day.",tiktok,2024-05-10 16:53:56+00:00,1,1,positive_enrichment_round1,Qwen/Qwen3-14B,qwen3_14b,0,True,0,
486652,6,dehumanization,"People are dying killed for the Greed Of The Elites Africans Selling African Slaves in Congo Palestinian kids slaughtered like roaches Congo kids whipped in slave caves mining for your smart phones its time to realize it can happen in America too these Elites Don't Care About Us its Us Vs Them stop worshipping these Monsters #eatcake #grasshoppersvsants #revolution #eattherich #revolution #blockout2024 #freepalestine🇵🇸❤️ #freecongo🇨🇩 #freeamerica  #helpthevets #reddawn #makeamericagreatagain #passion #love #humanity #fight :  Are you, are you coming to the tree? They strung up a man, they say who murdered three Strange things that happen here, no stranger would it be If we met at midnight in the hanging tree Are you, are you coming to the tree? Where a dead man called out for his love to flee Strange things did happen here, no stranger would it be If we met at midnight in the hanging tree Are you, are you coming to the tree? They strung up a man, they say who murdered three Strange things that happen here, no stranger would it be If we met at midnight in the hanging tree Are you, are you coming to the tree? Where a dead man called out for his love to flee Strange things did happen here, no stranger would it be If we met at midnight in the hanging tree",tiktok,2024-05-20 17:10:50+00:00,1,1,original_stratified,Qwen/Qwen3-14B,qwen3_14b,1,True,1,
3965526,3,dehumanization,"SPAIN Queen Letizia also faced backlash in the disaster flood zone near Valencia: We have nothing, you have everything. We have nothing, we are like dogs!",truth_social,,1,1,positive_enrichment_round2,Qwen/Qwen3-14B,qwen3_14b,1,True,1,
3959278,0,dehumanization,MAGA is a dog whistle for white nationalism. Of course you don’t mind as you probably agree with the movement. But it all hinges on the idea that immigrants are ruining the country. You’re all xenophobes cosplaying as patriots. Real patriots built a great country for everyone.,twitter,2024-10-31 23:55:29+00:00,1,0,positive_enrichment_round2,Qwen/Qwen3-14B,qwen3_14b,0,True,0,
319022,0,dehumanization,MAGA Boomers are the lowest form of humans on Earth WAKE THE FUCK UP WHITE PEOPLE,twitter,2024-05-10 05:00:57+00:00,1,1,original_stratified,Qwen/Qwen3-14B,qwen3_14b,1,True,1,
3137907,0,dehumanization,"why am I more scared of what will happen when donald trump loses? like, hes probably running again in 2028, right?",twitter,2024-09-17 20:06:59+00:00,0,0,original_stratified,Qwen/Qwen3-14B,qwen3_14b,0,True,0,
2551087,0,dehumanization,"As if pastor Greg hasn’t seen with his own eyes that the entire GOP is pretty much hitler like. The actions of those that are GOP,and those supporters actions over the last 9 years have all shown to be something that resembles it. Denial is what we get as if that is gonna suffice",twitter,2024-08-19 02:27:44+00:00,1,0,positive_enrichment_round2,Qwen/Qwen3-14B,qwen3_14b,0,True,0,
1015175,0,dehumanization,BIDEN IS THE DISEASE TRUMP IS THE CURE!,twitter,2024-06-22 02:08:19+00:00,1,1,positive_enrichment_round1,Qwen/Qwen3-14B,qwen3_14b,1,True,1,
934587,0,dehumanization,there! Missed the latest IntheLitterBox episode with JewelsJones and Catturd2 on TUESDAY?,truth_social,,1,0,positive_enrichment_round1,Qwen/Qwen3-14B,qwen3_14b,0,True,0,
1963868,0,dehumanization,"Ya'll have mosquitoes ... I have an Abraham 🤣 #problemchild #fyp #foryou #friends #funny #gopro #video #trending #tiktok #fypシ゚viral @954_abe :  You put your right elbow in, you put your right elbow out. You put your right elbow in and you shake it all about. You do the Hokey Pokey and you turn yourself around. That's what it's all about. Left elbow! You put your left elbow in, you put your left elbow out. You put your left elbow in and then you shake it all about.",tiktok,2024-07-22 19:29:26+00:00,1,1,positive_enrichment_round1,Qwen/Qwen3-14B,qwen3_14b,0,True,0,
3668763,0,dehumanization,"njaa inasumbuaga watu uko, mia tano inaeza fanya mtu akaue mwengine",twitter,2024-10-04 09:25:11+00:00,1,0,original_stratified,Qwen/Qwen3-14B,qwen3_14b,0,True,0,
3551104,0,dehumanization,"When you import 500,000 criminals into a country - 15,000 of which are rapists and 13,000 of which are murderers - how are you not guilty of treason? Looking at you, Kamala Harris!",twitter,2024-09-29 06:24:11+00:00,1,1,positive_enrichment_round1,Qwen/Qwen3-14B,qwen3_14b,1,True,1,
798822,0,dehumanization,Heres some History for you: 1977- Joe Biden referred to black people as jungle bunnies. Present: You aint black if you vote for Trump - Joe Biden,twitter,2024-06-13 23:17:29+00:00,1,1,original_stratified,Qwen/Qwen3-14B,qwen3_14b,1,True,1,
2273211,4,dehumanization,"The law prohibits Minnesota courts or officials from complying with child removal requests, extraditions, arrests, or subpoenas related to a child’s sex-change procedures received in Minnesota, even if they’re a crime in another state.”",truth_social,,0,0,original_stratified,Qwen/Qwen3-14B,qwen3_14b,0,True,0,
129834,6,dehumanization,"#duet with @dangerbean #fallout #Fallout #OwenWilson #ThumbsUp #Trump #NukaCola #salsburysteak ##VaultTech #DonaldTrumpCantAffordAVault #TrumpOnlyHasABunkerForTwo :  Man, all my radiation's out of control right now. Wait, frankly, I don't know why we left the vault. Well, come on, Donald. There's more to life than Nuka-Cole and Salisbury Stakes. We had the best vault, I'm told. It was a really good vault. Yeah, but we were trying to... And that vault tech, that terrible, nasty vault tech, they weren't even doing their experiments on us. What do you mean they weren't doing experiments down there? I came out of there with three orbs. Well, if I got to be overseer like I was supposed to... Yeah, but, Donald, you have to be elected. You didn't have the vault. Shut up, Owen. What the hell is that? Oh, wow. That's a feral ghoul. It's someone who's gone crazier in a road. More like feral fool. There's a real person in there. Just look, it is extremely silly bald head. Clearly he doesn't know that we have solutions for that now. That one didn't sound as friendly. I think that was a deathclaw. That is my cue to return to the vault.",tiktok,2024-04-24 08:22:35+00:00,1,0,original_stratified,Qwen/Qwen3-14B,qwen3_14b,1,True,1,
2491237,0,dehumanization,"We may be Donkeys but we identify as elephants. #maga #maga #trump #votered :  Only in America Dreaming in red, white, and blue Only in America Where we dream as big as we want to We all get a chance Everybody gets to dance Only in America",tiktok,2024-08-16 20:54:21+00:00,1,0,positive_enrichment_round1,Qwen/Qwen3-14B,qwen3_14b,1,True,1,
3835237,0,dehumanization,Shit staind….i hated their fkn music even b4 I found out the lead singer was maga deep throater….you couldnt pay me enough to see that fkn maga trash,twitter,2024-10-12 15:42:14+00:00,1,1,positive_enrichment_round1,Qwen/Qwen3-14B,qwen3_14b,1,True,1,
162603,4,negative_evaluation,"LINK IN BIO FOR MORE CLIPS #muslim #black #jewish #israel #palestine #mexico #lgbt #lgbtq  #trump #biden :  What game are you watching? What basketball game are you watching? The two slip-ins. Just step in and go. Oh, my God. These people are such a waste of air. It helps. Why are you so fat?",tiktok,2024-04-27 10:04:07+00:00,1,1,original_stratified,Qwen/Qwen3-14B,qwen3_14b,1,True,1,
339162,0,negative_evaluation,Scum floats on a pond.Biden floats.coincidence? I suggest a new format for the inauguration if he is selected again,twitter,2024-05-10 23:01:38+00:00,1,1,original_stratified,Qwen/Qwen3-14B,qwen3_14b,1,True,1,
2207926,0,negative_evaluation,🇺🇸My best southern accent😂 #2024 #elections  #whogivesafuk #trump #usa #mrpresident #theyallliars #godhelpus 🇺🇸:  now i don't know who needs to hear this but if y'all want your country to go to shit and you want all hell to break loose well then motherfucking vote for donald trump and then the other fucking retard,tiktok,2024-08-06 20:10:53+00:00,1,0,positive_enrichment_round2,Qwen/Qwen3-14B,qwen3_14b,1,True,1,
1700959,1,negative_evaluation,"They held a minute silence for Corey Comperatore on day one, and most of the speakers said his name. You obviously did not watch the RNC live, and you only bleat what you hear from your fellow sheep.",twitter,2024-07-17 15:39:19+00:00,0,0,original_stratified,Qwen/Qwen3-14B,qwen3_14b,0,True,0,
3543118,3,negative_evaluation,"They very well might be the lesser evil, but theyre still evil. As such, I will not be voting for them either. Thats what shitlibs refuse to comprehend.",twitter,2024-09-28 22:43:36+00:00,1,1,positive_enrichment_round2,Qwen/Qwen3-14B,qwen3_14b,1,True,1,
325343,0,negative_evaluation,Biden’s Secret Service would be nuts to allow Defendant Trump to enter the White House for a debate. President Biden gave a three-word response when he was asked about whether he would debate former President Trump ahead of the presidential election.,twitter,2024-05-10 14:08:21+00:00,0,0,original_stratified,Qwen/Qwen3-14B,qwen3_14b,0,True,0,
2434677,1,negative_evaluation,"If the path to victory for is policy, hes fucked. The entire hasnt had a single policy success since and the",twitter,2024-08-14 22:12:25+00:00,0,0,original_stratified,Qwen/Qwen3-14B,qwen3_14b,0,True,0,
2599734,0,negative_evaluation,If you people could just be gracious and keep it real then I wouldnt find you all so loathsome. Obviously youre not going to agree with these people. Youre in the MaGA cult. But all this other bullshit is so disingenuous and makes you look petty and jealous.,twitter,2024-08-20 14:46:44+00:00,1,1,positive_enrichment_round2,Qwen/Qwen3-14B,qwen3_14b,1,True,1,
375061,0,negative_evaluation,trash brings trash is an accurate statement so no harm no foul,twitter,2024-05-12 16:55:53+00:00,1,1,original_stratified,Qwen/Qwen3-14B,qwen3_14b,1,True,1,
3650132,0,negative_evaluation,Hopefully there are enough Americans registered to vote there to overcome the Haitians,twitter,2024-10-03 14:42:56+00:00,0,0,original_stratified,Qwen/Qwen3-14B,qwen3_14b,1,True,1,
2985226,0,negative_evaluation,"#mrrock_raforignal #fypシ゚viral #kamalaharris2024 #voteblue2024💙💙💙 #whodatnation @Bridget Franklin @Dee @TikaG @💥🔥.Tea.🔥💥 @user1248017558326 :  Hey, neighbor. What you doing over there? Getting ready for Hurricane Kamala. She gonna destroy some shit tonight. You ought to watch it.",tiktok,2024-09-10 23:59:34+00:00,1,0,positive_enrichment_round2,Qwen/Qwen3-14B,qwen3_14b,0,True,0,
3843191,0,negative_evaluation,Rapists and adulterers need only apply for maga trash.,twitter,2024-10-13 18:29:44+00:00,1,1,positive_enrichment_round2,Qwen/Qwen3-14B,qwen3_14b,1,True,1,
2782942,0,negative_evaluation,"DC_DrainoI was talking with a big Kamala supporter who believes Trump is a “threat to our democracy”I asked them 1 simple question“Did you vote for Kamala in the primary?”They frozeNo wordsWhen they finally answered, they said “I don’t want to talk about politics”Try it out!",truth_social,,0,0,original_stratified,Qwen/Qwen3-14B,qwen3_14b,0,True,0,
3035380,0,negative_evaluation,The DNC and MSM are nothing but scum.,twitter,2024-09-12 22:57:10+00:00,1,1,positive_enrichment_round2,Qwen/Qwen3-14B,qwen3_14b,1,True,1,
2655025,0,negative_evaluation,"The democrats are nothing but disgusting hypocrites!!! #trump #fypシ゚viral #fy #trump2024🇺🇸 #kamala #harris #timwalz #foryou #biden #donaldtrump #joebiden @President Donald J Trump :  ROSIE O'DONNELL WHO HAS HAD A VERY LONG FEUD WITH DONALD TRUMP RECENTLY TWEETED ABOUT HOW BARON TRUMP, THE 10-YEAR-OLD SON OF DONALD TRUMP, MIGHT POSSIBLY SUFFER FROM AUTISM. SHE DID SO IN A TWEET WHERE SHE WROTE, BARON TRUMP AUTISTIC? IF SO, WHAT AN AMAZING OPPORTUNITY TO BRING ATTENTION TO THE AUTISM EPIDEMIC. I SHOULD STATE THAT SHE HAS A 3-YEAR-OLD WHO WAS DIAGNOSED WITH HIGH FUNCTIONING AUTISM. EVEN SO, I HATE THAT SHE TWEETED THAT. I ALSO HATE THE VIDEO THAT SHE LINKED IN THE TWEET. I WILL SHOW YOU A LITTLE SNIPPET OF IT SO YOU UNDERSTAND WHY I DISLIKE IT SO MUCH, AND WE WILL DISCUSS IT. TAKE A LOOK. THIS IS A SHOW OF HOW THE CITY OF NEW YORK, WHICH IS THE BEST-ENDING CITY IN THE UNITED STATES, IS SUPPOSED TO BE A TARGET FOR THE CITY OF NEW YORK. IN THE CITY, THE DEMOCRATS, THE REPUBLICANS, THE Thank you. Thank you. Thank you.",tiktok,2024-08-23 11:18:59+00:00,1,0,original_stratified,Qwen/Qwen3-14B,qwen3_14b,0,True,0,
1277093,0,negative_evaluation,Biden is a piece of trash.,twitter,2024-07-08 20:27:57+00:00,1,1,original_stratified,Qwen/Qwen3-14B,qwen3_14b,1,True,1,
253039,1,negative_evaluation,You all are still sleeping (in an actual coma) if you believe this garbage. You have that backwards as hell. Biden and his cohorts have made Americans suffer and have allowed our country to be trashed and mocked. Other countries see us weak because of Biden. Slower than molasses,twitter,2024-05-07 11:47:32+00:00,1,0,positive_enrichment_round2,Qwen/Qwen3-14B,qwen3_14b,1,True,1,
2258063,0,negative_evaluation,It’s wild yall think being the trash people you are is going to win,twitter,2024-08-08 21:27:08+00:00,1,1,original_stratified,Qwen/Qwen3-14B,qwen3_14b,1,True,1,
3944123,0,negative_evaluation,Joe Biden ratifica su comentario donde describió a más de la mitad de EEUU como basura,twitter,2024-10-30 01:43:23+00:00,1,1,original_stratified,Qwen/Qwen3-14B,qwen3_14b,1,True,1,
2540898,0,negative_evaluation,"The concept was never that that was the lie. The concept was “we’re poor dirty degenerates who don’t believe in God and are being kicked out of our trash covered, rat infested, disease stricken country to go to who knows where to try and become the kings and priests that kicked",twitter,2024-08-18 19:02:20+00:00,1,0,positive_enrichment_round2,Qwen/Qwen3-14B,qwen3_14b,1,True,1,
1092119,0,negative_evaluation,"We will be talking inflation on Monday, until then peach @highnoonspirits.com with friends. #politics #inflation #pooltalk #bidenharris #ohhaydonald #michelle #obamaohara #whorunstheworld #loveeachother #cocktails #weekendvibes :  Joe, I'm ready. Give me a call. 610-952. I'll text you the rest.",tiktok,2024-06-29 20:12:28+00:00,0,0,original_stratified,Qwen/Qwen3-14B,qwen3_14b,0,True,0,
2632705,0,negative_evaluation,"No where near the amount of equally gross democrats. Thats a proven fact, and I will not argue with some fool on X who doesnt pay enough attention to what their own party is doing. Im sure youre the same as the rest, voting for a communist and dont even know why.",twitter,2024-08-21 16:50:57+00:00,1,1,original_stratified,Qwen/Qwen3-14B,qwen3_14b,0,True,0,
2556018,0,negative_evaluation,"House GOP is trash to me. Stopped following the uniparty, 6 months ago.",twitter,2024-08-19 11:48:48+00:00,1,1,positive_enrichment_round2,Qwen/Qwen3-14B,qwen3_14b,1,True,1,
733172,0,negative_evaluation,House Speaker Mike Johnson says the quiet part out loud: Should the depraved degenerate regain the White House and Republican MAGA-fascists are able to take the House and Senate — Social Security and Medicare are getting axed.,twitter,2024-06-11 20:43:31+00:00,1,1,positive_enrichment_round2,Qwen/Qwen3-14B,qwen3_14b,0,True,0,
3490612,0,negative_evaluation,Biden poslal Zelenského s jeho vydíráním do prdele.,twitter,2024-09-26 19:23:17+00:00,1,0,positive_enrichment_round2,Qwen/Qwen3-14B,qwen3_14b,1,True,1,
943495,0,negative_evaluation,Fuck no! I dont vote for whores!,twitter,2024-06-19 04:27:12+00:00,1,1,positive_enrichment_round2,Qwen/Qwen3-14B,qwen3_14b,1,True,1,
267495,0,negative_evaluation,"LOL in a survey in the Trump household, was polling 60:40% Go back to the traitorous piece of shit Newt Gingrich",twitter,2024-05-07 20:19:03+00:00,1,1,positive_enrichment_round2,Qwen/Qwen3-14B,qwen3_14b,1,True,1,
3973500,0,negative_evaluation,DRAIN THE SWAMP: JD Vance Wants to Take Out the Trash and ‘The Trash’s Name is Kamala Harris’,truth_social,,1,1,positive_enrichment_round2,Qwen/Qwen3-14B,qwen3_14b,1,True,1,
1810601,0,negative_evaluation,Writing down there lies for latter! What trash,twitter,2024-07-19 03:41:56+00:00,1,0,positive_enrichment_round2,Qwen/Qwen3-14B,qwen3_14b,1,True,1,
2328754,0,negative_evaluation,Just shows how disgusting the Trump family and Trump followers are. Sadder is that this will be spread and believed throughout the GOP.,twitter,2024-08-11 12:21:02+00:00,1,1,positive_enrichment_round2,Qwen/Qwen3-14B,qwen3_14b,1,True,1,
3943658,0,negative_evaluation,"I am very upset that Biden told me and all Trumps followers “garbage”. Thats not a comedian, hes the president Biden of you Democrats. those from Puerto Rico are offended or not?",twitter,2024-10-30 00:53:46+00:00,1,0,positive_enrichment_round2,Qwen/Qwen3-14B,qwen3_14b,1,True,1,
3047387,0,negative_evaluation,The only shit show is the Democratic party.,twitter,2024-09-13 13:51:32+00:00,1,1,original_stratified,Qwen/Qwen3-14B,qwen3_14b,1,True,1,
3238771,0,negative_evaluation,A metaphor of the entire republican party. They just need to change their symbol from an elephant to a burning dumpster.,twitter,2024-09-20 02:28:56+00:00,1,1,positive_enrichment_round2,Qwen/Qwen3-14B,qwen3_14b,1,True,1,
3945283,0,negative_evaluation,All so true!. I said a long time ago and now with us conservatives being called garbage it’s even more true.,truth_social,,1,0,positive_enrichment_round2,Qwen/Qwen3-14B,qwen3_14b,1,True,1,
1623600,0,negative_evaluation,"Poopy pants biden is trash, thats why",twitter,2024-07-16 02:04:37+00:00,1,1,original_stratified,Qwen/Qwen3-14B,qwen3_14b,1,True,1,
2307673,1,negative_evaluation,Biden is a man and screwed up picking DEI Kamabla. Hes kinda right I guess.,twitter,2024-08-10 19:08:40+00:00,0,0,original_stratified,Qwen/Qwen3-14B,qwen3_14b,0,True,0,
560605,6,negative_evaluation,"Donald Trump is the greatest president in American history, and he will do it again. Every democrat is far more vile and perverted. Democrats are all butt-fucking, baby murdering, godless children of whores",twitter,2024-05-26 21:02:53+00:00,1,1,positive_enrichment_round2,Qwen/Qwen3-14B,qwen3_14b,1,True,1,
3923853,0,negative_evaluation,"Good post. Agree w all except she didn’t “float” her way to the top, she whored her way to the top! Let’s fire her dumb ass 11/5 and MAGA!",twitter,2024-10-24 21:41:22+00:00,1,1,positive_enrichment_round2,Qwen/Qwen3-14B,qwen3_14b,1,True,1,
308987,7,negative_evaluation,"3Stormy Daniels BLASTS Trump Post Mugshot #newstoday #usa #foryou #viral #biden:  I'm Ben Mycelis from the Midas Touch Network. Stormy Daniels is mocking Donald Trump for Trump's claim that he weighs 215 pounds in the booking information when Donald Trump surrendered in Fulton County. Let me show you what Stormy Daniels wrote on her social media. Stormy Daniels writes, And I'm 110 pounds and a virgin. I'm not a scale or a doctor, but I have spent time beneath 215 pound men and tiny was not one of them. And of course, Stormy Daniels is involved as a key witness in the hush money case brought by the Manhattan District Attorney against Donald Trump. She had a three to four second sexual encounter with Donald Trump. I think she said that's how long it lasted. She calls him tiny for obvious reasons. And Donald Trump wanted to cover that up before the 2016 election. And so he paid hush money payments through Michael Cohen to her and then classified that as legal fees to Michael Cohen in violation of New York law. And Stormy Daniels, of course, would know a thing or two about Donald Trump's weight. Stormy Daniels has weighed in, pun intended, on Donald Trump. By the way, the fact that Donald Trump says that he is 215 pounds and that he's 6'3"". By the way, Muhammad Ali's recorded height and weight was 6'3"", 216 pounds. Here's a post from Spyro's Ghost right here where that's Spyro's Ghost. We're posting this photo of Muhammad Ali. Here's Donald Trump. I just, I don't, you know, the level of sociopathic malignant narcissism, the photo. It's just one of the most bizarre things. This was an interview Stormy Daniels gave on April of 2023 where Donald Trump repeatedly calls her horse face over and over and over again. So her response is, well, if he keeps calling me horse face and he was attracted to me and chased me around, does that, what does that make him? Here, play this clip of Stormy Daniels. And then, by the way, this is from back in January of 2023 when Donald Trump made this post about Stormy Daniels where he said, With respect. To the Stormy nonsense, it is very old. It happened long time ago, long past the very publicly known and accepted statute of limitation. I place full reliance on the judgment and advice of counsel, which he spells wrong, who I had every reason to believe had a license to practice law, was competent and was able to appropriately provide solid legal services. He came from a good law firm, represented other clients over the years, and there was no reason not to rely on him. And I did. Stormy Daniels response to that was, thanks for just admitting that I was telling the truth about everything. Guess I'll take my quote horse face. Back to bed now, Mr. Former president. And she puts in quotes, by the way, that's the correct way to use quotation marks. And I mean, just by the way, the fact that.",tiktok,2024-05-09 16:09:06+00:00,1,0,positive_enrichment_round2,Qwen/Qwen3-14B,qwen3_14b,0,True,0,
2133093,0,negative_evaluation,"JewelsJones Dont miss the next In the Litter Box w/ JewelsJones Catturd2 on rumble! This Wednesday, July 31st at 3 PM EDT, we’re diving into “Kamala Didnt Earn It” + a litter of other topics.",truth_social,,0,0,original_stratified,Qwen/Qwen3-14B,qwen3_14b,0,True,0,
3590191,0,negative_evaluation,"are the vile, racist, communist CUNTS THAT SPREAD HATE AND VIOLENCE ON A DAILY BASIS!",twitter,2024-09-30 19:51:28+00:00,1,1,positive_enrichment_round2,Qwen/Qwen3-14B,qwen3_14b,1,True,1,
1956481,0,negative_evaluation,Like damn 😒 #fypシ゚viral #relatable #donaldtrump #dmv :  I hate when ugly motherfuckers listen to free music. Bitch ain't nobody doing that shit.,tiktok,2024-07-21 23:42:56+00:00,1,0,positive_enrichment_round2,Qwen/Qwen3-14B,qwen3_14b,1,True,1,
3779963,10,negative_evaluation,"Reading the Butler PA Trump rally transcript #trump #rally #transcript #verbatim #motherofpearl #pennsylvania #butler :  Hello friends, let's go to Butler Pennsylvania Trump rally, transcript verbatim. And we will keep the US dollar as a world reserve currency. It's losing right now, it's losing right now. But I'll be able to do it. Other people won't. I tell these countries as they leave us on the, I say you want to do business in the United States, you're going back to the reserve currency. And if you don't, we're going to charge you a big fat beautiful tax to do business in the United States. And they're going to say, I had to go back into the US reserve currency. No, we're going to save it. But these people aren't going to save it. They don't know how to talk. They don't know how to think. Together we will deliver low taxes, low regulations, low energy costs, low interest rates and low inflation so that everyone can afford groceries, a beautiful car and a home. It's very basic. It's very basic. We will stop the invasion and migrant crime, strengthen our military, build a missile defense shield around our country, keep critical race theory and transgender insanity. We're going to keep it the hell out of our school. We're going to keep that insanity out of our school. And as I said, we will keep men out of women's sports. So demeaning to women. You saw that in the Olympics. They have female boxing, women's boxing and a young lady from Italy. Very good boxer. Very, very good. She was all excited, but she played a person who transitioned person, transitioned to male, transitioned to female and the young girl from Italy. Oh, beautiful young woman. I'm not allowed to say that anymore politically, but I'll say it. She was a beautiful young woman. Yeah. You say that that's the end of your career, right? Mother of Pearl. But it's not. If it is, so be it. Okay. We've got to get back to real life. Stay goofy, my friends.",tiktok,2024-10-09 21:40:24+00:00,1,0,positive_enrichment_round2,Qwen/Qwen3-14B,qwen3_14b,0,True,0,
2545987,2,negative_evaluation,"#funny #sleepyjoe #trump #republican #fy #fypage :  What you gonna do with all this Trump? All this Trump up in your junk? I'ma take, take, take, take a dump. Down my leg a little long. Gross, Joe. They shouted me last week.",tiktok,2024-08-18 23:10:33+00:00,1,0,positive_enrichment_round2,Qwen/Qwen3-14B,qwen3_14b,0,True,0,
2301060,1,negative_evaluation,"Just another way of saying you have no evidence to prove your claims, and more gaslighting. Your whole persona on here is “trumpfuckskids”, but cannot show a shred of evidence to back your “claims”, but conservatives have an entire diary of Joe Biden’s disgusting/vile actions!",twitter,2024-08-10 12:23:09+00:00,1,0,positive_enrichment_round2,Qwen/Qwen3-14B,qwen3_14b,0,True,0,
45813,0,negative_evaluation,#republicanssuck #bluewave #voteblue2024💙 #trumpisadisgrace #trumpisaliar :  You can't be stupid. You can't repair dung. Just set them in the corner and let them blow bubbles with their gum. Evolution ain't the answer. I don't know where these folks come from.,tiktok,2024-04-08 22:23:20+00:00,1,1,positive_enrichment_round2,Qwen/Qwen3-14B,qwen3_14b,1,True,1,
3460186,0,negative_evaluation,"Uch, youre nauseating.",twitter,2024-09-25 23:11:42+00:00,1,1,positive_enrichment_round2,Qwen/Qwen3-14B,qwen3_14b,1,True,1,
2350556,0,negative_evaluation,Women that show their naked body to everybody. Video hoes and internet hoes. Used to be and still is to some point magazine hoes. You know hoes show everybody even the mayor. I believe you might know the song some of you anyway.,twitter,2024-08-12 04:34:15+00:00,1,1,positive_enrichment_round2,Qwen/Qwen3-14B,qwen3_14b,1,True,1,
3251937,3,negative_evaluation,"Donald Trump endorsed NC Lt Gov. Mark Robinson for Governor of NC and called him his best friend. CNN’s published a video of Robinson’s showing wide range of inflammatory comments that he reportedly made on a porno, including calling himself a “black NAZI” and wishing for",twitter,2024-09-20 14:22:12+00:00,1,0,original_stratified,Qwen/Qwen3-14B,qwen3_14b,0,True,0,
3959287,0,negative_evaluation,"This is crazy and too funny, MAGA base now wearing garbage bags . how much does a box of MAGA garbage bags cost and is DJT making any $ from the sale of this product. -DW",twitter,2024-10-31 23:55:57+00:00,1,0,positive_enrichment_round2,Qwen/Qwen3-14B,qwen3_14b,0,True,0,
3889765,0,negative_evaluation,"MAGA is so low class and disgusting, I can’t understand how anyone can vote for the vile man. He’s getting more desperate every day.",twitter,2024-10-20 01:26:35+00:00,1,1,positive_enrichment_round2,Qwen/Qwen3-14B,qwen3_14b,1,True,1,
97182,1,negative_evaluation,"My first edit so please be patient im still learning lol 🫡🥹 ##blairwaldorf##blairwaldorfedit##gossipgirledit##gossipgirl##gopissgirl:  I think it's back. Wait, your hair looks disgusting.",tiktok,2024-04-20 04:17:50+00:00,1,0,positive_enrichment_round2,Qwen/Qwen3-14B,qwen3_14b,1,True,1,
3518057,0,negative_evaluation,#fyppppppppppppppppppppppp #fyp #fypシ゚viral #fypage #harris2024💙 #kamalaharris2024🇺🇸💙 #voteblue2024💙 :  I just got one question to y'all Do y'all want to go back to where we was Or do y'all want to go forward So let me know Comment down below Thank you bye,tiktok,2024-09-27 21:49:53+00:00,0,0,original_stratified,Qwen/Qwen3-14B,qwen3_14b,0,True,0,
859773,0,negative_evaluation,How much have you donated to Biden’s campaign? It would be interesting to know just how committed you really are. If you don’t answer I’ll take that as you contributed nothing.,twitter,2024-06-16 10:15:49+00:00,0,0,original_stratified,Qwen/Qwen3-14B,qwen3_14b,0,True,0,
314096,0,negative_evaluation,#stitch with @Mrs F #cowboyonasteelhorse #trump2024🇺🇸 #saveAmerica #MillennialX #democratshateAmerica #Americanmonster🇺🇸 :  okay with that scenario you shouldn't be breeding. Toodles! And now you see exactly what we're saying about women like you who think they should be able to have children ripped from their uterus whenever they want to. If you feel that way you shouldn't be breeding.,tiktok,2024-05-09 23:27:46+00:00,1,0,positive_enrichment_round2,Qwen/Qwen3-14B,qwen3_14b,1,True,1,
1726694,4,negative_evaluation,YES I ABSOLUTELY HAVE PRESIDENT BIDENS BACK! Too bad the people Biden’s backed now are TRAITORS! I’ll never forget what they’ve done to the BEST PRESIDENT OUR COUNTRY HAS EVER HAD! They’re handing everything to Fking Trump! They’re Disgusting Traitors,twitter,2024-07-17 23:14:09+00:00,1,1,positive_enrichment_round2,Qwen/Qwen3-14B,qwen3_14b,1,True,1,
2943782,0,negative_evaluation,"Black Republicans.. go figure..:  LBJ, that's why you said we have these Negroes voting Democrat for the next 200 years. But all those policies have not done what they promised. Would you agree? I would not agree. So you think we're better off as black people now than we were before LBJ passed those policies? Yes, brother. We can vote without the threat of violence. Are you talking about the Civil Rights Act of 1964? Is that what you're describing as a negative thing? I'm not saying the Civil Rights Act of 1964 was. I'm talking about. That's LBJ. I just want to be clear. That's LBJ who you said.",tiktok,2024-09-08 19:07:33+00:00,1,0,positive_enrichment_round2,Qwen/Qwen3-14B,qwen3_14b,0,True,0,
748871,0,negative_evaluation,democrats sacrifice babies. You think they wouldnt sacrifice Hunter?,twitter,2024-06-12 10:24:23+00:00,1,0,original_stratified,Qwen/Qwen3-14B,qwen3_14b,1,True,1,
3988441,2,negative_evaluation,"Telegram has become a complete cesspool of negativity, porn bots and infiltrated with left/paid accounts as well as conservatives constantly trashing everything. I am here and back on X.",truth_social,,1,0,original_stratified,Qwen/Qwen3-14B,qwen3_14b,0,True,0,
3619061,14,negative_evaluation,"Donal Trump Motivational Speech  #donaldtrump #president #motivationalspeaker #successquotes #mindsetshift #LifeAdvice #inspirationalvideo #motivationalquotes #foruyou #viraltiktok :  Never hurt your mother. Never disrespect her, even in anger. Never abandon her. Help her. Make her happy. Be kind and pleasant to her. Never forget that or you would never be here. My mother is the person who gives you life, but it is much more than that. It is unconditional support, limitless love, a source of wisdom and comfort. She is there in good times and bad, always ready to listen to you, to guide you, to support you.",tiktok,2024-10-02 02:51:37+00:00,0,0,original_stratified,Qwen/Qwen3-14B,qwen3_14b,0,True,0,
3836474,0,negative_evaluation,"What if Trumps flatulence and expired roast beef stench is actually the toxicity and black shit inside his body overflowing, kinda like the plasma from Ghost Busters, but more toxic?",twitter,2024-10-12 17:59:13+00:00,1,1,original_stratified,Qwen/Qwen3-14B,qwen3_14b,1,True,1,
408558,1,negative_evaluation,"#satire #trump :  I love the Mexican people, especially the big girls, las gorditas. They are so tasty. Ay, que rico. They call me el viejo asqueroso, which is Spanish for the handsome orange man. In fact, the next big, beautiful one I see, I'll be grabbing her by the taco.",tiktok,2024-05-14 19:28:36+00:00,1,0,original_stratified,Qwen/Qwen3-14B,qwen3_14b,0,True,0,
3581692,0,negative_evaluation,"If the law already exists, then why are illegal migrant rapists being released back onto American streets? Why are democrats breaking the law as always? And tf? How many tax dollars would be spent if democrats wrote “yes” instead of “no” on a piece of paper?",twitter,2024-09-30 15:26:42+00:00,1,0,positive_enrichment_round2,Qwen/Qwen3-14B,qwen3_14b,0,True,0,
755052,0,negative_evaluation,"Imagine thinking its gonna go in THIS direction. Or do you think 10 years from now people will love far right, arch-conservative religious fundamentalist rapists and mutilators?",twitter,2024-06-12 15:09:04+00:00,1,1,positive_enrichment_round2,Qwen/Qwen3-14B,qwen3_14b,1,True,1,
3944432,0,negative_evaluation,We know Sleepy Joe went to bed hours ago. Sorry but an after-hours post by an intern on the communications staff ain’t gonna change the fact Biden called Trump supporters GARBAGE.,twitter,2024-10-30 02:11:53+00:00,1,1,original_stratified,Qwen/Qwen3-14B,qwen3_14b,1,True,1,
3108952,1,negative_evaluation,"During Trumps tenure, every night on MSM White House in Crisis! What the Hell Crisis happened on Trumps watch? But it was being hammered home every evening. The dumpster fire that is the Biden/Harris administration is nothing but joy!",twitter,2024-09-17 01:49:58+00:00,1,1,positive_enrichment_round2,Qwen/Qwen3-14B,qwen3_14b,0,True,0,
2076046,2,negative_evaluation,Joy Behars CLASSLESS Joke About Donald Trump Shows How Disgusting She R. via,twitter,2024-07-26 22:19:38+00:00,1,1,original_stratified,Qwen/Qwen3-14B,qwen3_14b,1,True,1,
318883,0,negative_evaluation,The investigation on security was trashed. Nancy Pelosi should go to jail also. No coincidence she had her daughter there to film. Nancy receives the same intel as Trump &amp; Kash Patel said Pres. Trump authorized 19-20K National Guard. How about the time Nancy met with Milley.,twitter,2024-05-10 04:47:53+00:00,1,0,positive_enrichment_round2,Qwen/Qwen3-14B,qwen3_14b,0,True,0,
879326,13,negative_evaluation,Texas Man Explains how The Presidents Poop is Protected and why it is Valuable to World Leaders,twitter,2024-06-17 03:26:01+00:00,1,0,original_stratified,Qwen/Qwen3-14B,qwen3_14b,0,True,0,
980401,0,negative_evaluation,Biden is with holding weapons from Israel so Jews will Die. AOC is trying to silence Jews so the Democrats Death to all Jews crowd is in full PR mode. Read their words yourself. Democrats are deadly to Jews.,twitter,2024-06-20 18:13:56+00:00,1,0,positive_enrichment_round2,Qwen/Qwen3-14B,qwen3_14b,1,True,1,
1981917,0,negative_evaluation,You do understand most men feel the same way as the HR Queen Kamala Harris and she’s the candidate for POTUS not VP?,twitter,2024-07-23 15:39:15+00:00,0,0,original_stratified,Qwen/Qwen3-14B,qwen3_14b,0,True,0,
772066,0,negative_evaluation,Biden Harris administration has been garbage. No one in their right mind could possible vote for these failures.,twitter,2024-06-13 01:28:02+00:00,1,1,positive_enrichment_round2,Qwen/Qwen3-14B,qwen3_14b,0,True,0,
3832125,0,negative_evaluation,What are worthless and wicked people like? They are constant liars: Grossly exaggerated: GOP mayor drops hammer on Trumps conspiracy-serving rally - Raw Story via The Blasphemous Backstabbing Bigot: Donald John Trump Proverbs 6:12 (NLT),twitter,2024-10-12 05:05:52+00:00,1,1,positive_enrichment_round2,Qwen/Qwen3-14B,qwen3_14b,1,True,1,
3913772,0,negative_evaluation,All fat liberal white women seethe at their lean beautiful conservative Asian/Latina counterparts,twitter,2024-10-23 23:36:30+00:00,1,0,original_stratified,Qwen/Qwen3-14B,qwen3_14b,1,True,1,
63352,5,negative_evaluation,"I gotta stay locked in tho😭🙏🏽//#therealone014 #fypfortherealone #fyppppppppppppppppppppppp #fypp #trending #fypageシ♡ #funnyvideos #fypシ゚viral #fypシ゚viral #vsp #vspedit #godzillavskong #godzilla#kong #fypp (@☦️SWORD_OF_CHRIST2.0☦️ @VSP.skar @Son ;) @Endure Inc. @Shyne.Vsp @Mr. Sheikh @Broski ✞ @STEW.CC @PHĀŃT°M @︎︎︎ @_Kagiso_ @_ludza_ @;) @. @. @.Devour. @『Kufa✞rr』 @“i’m the one and only.”🔥 @⊗𝐬𝐢𝐦𝐨𝐧'𝐬𝐜𝐫𝐚𝐳𝐲𝐠𝐟ෆ @☦︎ Pxlaar ☦︎ @✝️ ✞ cxkzy-editzz ✞ ✝️ @☦️Καρσον @♱ jules ♱ @✯ 𝐍𝐊𝐙 ✯ @The Walking Dead (moots?) @edixeu? @egg @Anthony ✞ @ΛПƬΉӨПY ПӨIЯ ☦️ @Anthony ☨(Αντώνιος) @17aangel :  My boy keep a clock in the K1 I sit at all outside and turn it on play one Diggies won't hang with the game, but I cannot hang with them Yeah, no, I don't fuck with these bars, I swear that I hate them I can't fuck with no fake niggas No, I can't fuck with no fake niggas I can't fuck with no fake niggas No, I can't fuck with no fake niggas They throwing my keys, they throwing my kicks, so bitch, I get too flabby I'm getting away with you, my bitch",tiktok,2024-04-10 21:25:43+00:00,1,0,positive_enrichment_round2,Qwen/Qwen3-14B,qwen3_14b,1,True,1,
3316483,0,negative_evaluation,At least he had a gf unlike me,twitter,2024-09-22 03:01:11+00:00,0,0,original_stratified,Qwen/Qwen3-14B,qwen3_14b,0,True,0,
2549194,0,negative_evaluation,You have to be kidding me. We are not the ones that you need to be afraid of! We are peaceful PATRIOTS and we LOVE AMERICA! Your Dems are not the Dems of the 70s or 80s or even the 90s. Wake Up - before its too late - or WE all will be under communist rule. I pray that you,twitter,2024-08-19 00:41:25+00:00,0,0,original_stratified,Qwen/Qwen3-14B,qwen3_14b,0,True,0,
1035903,1,negative_evaluation,Exhibit A proving Democrats are communist suicide bombers. Everything they touch turns to sh-t.,truth_social,,1,1,positive_enrichment_round2,Qwen/Qwen3-14B,qwen3_14b,1,True,1,
3889366,2,negative_evaluation,But Haley’s voters at the primary are neocon dems now. They’ll follow cheney and daughter and vote for Kamala. This is the old GOP,twitter,2024-10-19 22:31:14+00:00,0,0,original_stratified,Qwen/Qwen3-14B,qwen3_14b,0,True,0,
493384,0,negative_evaluation,third-world trash + affirmative action + DEI indoctrination + antisemitism =,truth_social,,1,1,positive_enrichment_round2,Qwen/Qwen3-14B,qwen3_14b,1,True,1,
1153133,0,negative_evaluation,All I hear is the maga monkey thats making noise again.,twitter,2024-07-03 21:20:27+00:00,1,1,positive_enrichment_round2,Qwen/Qwen3-14B,qwen3_14b,1,True,1,
3810928,0,negative_evaluation,"#duet with @KD MAGA  she was on the list to become a VP?   #maga #usatiktok🇺🇸 #michigan #trump #whitmer #weird #nevergiveup #armybrat #whatisthis :  Alright, the Democrat governor of Michigan who wants you to think all conservatives are weird just put out the most insane, unhinged, disgusting, demented, weird, odd videos I've ever seen on the internet and I've seen a lot of weird stuff.",tiktok,2024-10-11 03:41:45+00:00,1,1,original_stratified,Qwen/Qwen3-14B,qwen3_14b,1,True,1,
564598,1,negative_evaluation,"Actually, it is spot on &amp; horribly sad as the GOP continues its assault on public education. I mean, Betsy DeVos as Sec of Education after she trashed public education in Michigan?!? Destruction of public education is a plan of the GOP.",twitter,2024-05-27 04:44:45+00:00,1,0,original_stratified,Qwen/Qwen3-14B,qwen3_14b,0,True,0,
2505847,4,negative_evaluation,"She wasnt so trashy that Donald Trump didnt want some. So what he, a married man did with a 27 year old wasnt the issue for you? She was? That sounds pretty trashy to me. Its always the woman never the man right? In my opinion, Trump is trash in a suit.",twitter,2024-08-17 05:24:49+00:00,1,1,original_stratified,Qwen/Qwen3-14B,qwen3_14b,1,True,1,
3700829,0,negative_evaluation,"#baddiesroblox #baddies #roblox #floptok #flop #floptropican #kamalaharris #beyoncechallenge #renaissance #cowboycarter #natalienunn #rolliepollie #biggie #gagcity #gagcitytour #nickiminaj #pinkfriday2 #pinkfriday #rembeauty #arianagrande #wicked #cupcakkeremix #charlixcx #stantwitter #jiafei #beyoncerenaissance #fy #fypage #fyp≥°viral #{ypppppppppppppppp #fypp #Capcut #school#dti #dtiroblox #lgbt #lgbt🌈 #larrayeeee #larray #twaimz #steyeuh #javon #plutotvisfree #baddieseast #biggie #bigbackactivities #rupaul #ladygaga #sheknows #diddy #pdiddy #jayz :  If you know your pussy worth a binge truck Don't let homie fuck unless it's bent up Go to DR, get that fat transfer",tiktok,2024-10-05 21:13:14+00:00,1,0,positive_enrichment_round2,Qwen/Qwen3-14B,qwen3_14b,0,True,0,
324893,0,negative_evaluation,This disgusting tweet comes from the government that controls Joe Biden,twitter,2024-05-10 13:52:22+00:00,1,0,positive_enrichment_round2,Qwen/Qwen3-14B,qwen3_14b,1,True,1,
836586,0,negative_evaluation,"#idonotowntherightstothismusic  #gopuff #isfunny #mybestfriendsrichcheck #humor #cute #myrio :  No, I hate it. Stop, no. Why is that one of the grossest things? I wanna be a condom real quick. Fuck these bitches, at least we're safe. Can I get big? Yeah. Okay. Sweet. We'll be right back.",tiktok,2024-06-15 11:38:40+00:00,1,0,positive_enrichment_round2,Qwen/Qwen3-14B,qwen3_14b,1,True,1,
1481494,0,negative_evaluation,"#trump #biden #trump2024 #biden2024 :  Listen, Bubbs. Hear that? The sounds of the whispering winds of shit. What the fuck are you going on about? Can you hear it? No, I don't hear anything. Oh, but you will, my sorry little friend, when the old shit barometer rises and you'll feel it too. Your ears will implode from the shit pressure. You were warned, Bubbs. But you picked the wrong side. Beware, my friend. Shit winds are a-comin'.",tiktok,2024-07-13 14:29:24+00:00,1,0,positive_enrichment_round2,Qwen/Qwen3-14B,qwen3_14b,1,True,1,
2045921,0,negative_evaluation,Drawn in 30 seconds: There's a turd in this litter box. #JDVance #ChildlessCatLady #CatLady #CatTurd #KamalaHarris #Sexism #MAGA #Trump #Republicans #WarOnWomen #DrawnIn30Seconds :  Outro Music,tiktok,2024-07-25 18:57:55+00:00,1,1,original_stratified,Qwen/Qwen3-14B,qwen3_14b,0,True,0,
1982133,6,negative_evaluation,"RepMTGThere are so many parents who have experienced the same thing Elon Musk has gone through.They were sold a lie by Big Pharma and the Left to save their child with forever irreversible “treatment.” Worse, many parents never even had a choice in this irreversible, life-changing decision.I’ve introduced the Protect Children’s Innocence Act to allow our children to grow up without their lives being destroyed while their bodies and minds continue to develop. I’ve also introduced this bill to end the multimillion-dollar industry that preys on our kids and forces them to be customers of Big Pharma for the rest of their lives.I refuse to sit idly by while our children’s genitals are mutilated beyond repair before they’re old enough to vote.So-called “gender-affirming care” is barbaric genital mutilation surgery that prevents boys from growing up to be fathers and girls from growing up to be mothers.Thank you to Elon for speaking out against this attack on our children!",truth_social,,1,0,positive_enrichment_round2,Qwen/Qwen3-14B,qwen3_14b,0,True,0,
3463406,0,negative_evaluation,"#greenscreen at this point this should be a hate crime against these people. #kamalaharris2024🇺🇸💙 #Haiti #haitiantiktok🇭🇹 #congress #clayhiggins :  Hey friends, so I was just scrolling TikTok and I came across a video of um this guy I'm going to screenshot it in a minute of um he's talking about a Republican member of Congress tweeting the most vile message I've probably ever seen in my life ever come from a Republican. Like I'm pretty sure most of them are thinking this but never in my life thought I would witness it being posted for the world to see. Um yeah and I apologize to the original creator that I am taking this from because it's a horrible picture of him but it is from representative Clay Higgins, Republican. He's a Republican. It says these Haitians are wild, eating pets, voodoo, nastiest country in the western hemisphere, slapstick gangsters, but danged if they don't feel all sophisticated now, filing charges against our president. He's not our president. And VP and he is definitely not our VP. All these thugs better get their mind right and their ass out of our country before January something. I whatever. Wow. Bro the internet is forever. Um wow. Like first and foremost um ew that's disgusting but you are a representative of your district of your town. Um I don't know. I don't know. I don't know. I don't know. I don't know. I don't know. I don't know, I don't ... I'm just saying I don't understand. I don't understand. Chris Direcci. Erise Marie Woodard is living a normal life. Your friend was bornke. If that doesn't apply to yourHey. Voice. Arellnd has a gospel of Bethlehem in her language, mostly from the pandemic. She's so homeless. She loves. Loved counseling. The voting probably was. Don't have her's yet. Because they lied on national television. J.D. Vance admitted lying on TV to create a story. He admitted to lying to the American people. They're not eating dogs. They're not eating pets. And who are you to tell them to leave the country? They're here legally minding their own business. They're not doing anything. They were the ones who attacked that particular group of people for no reason. Causing bomb threats to the schools. Causing all kinds of media attention that that town didn't need and didn't want. I am surprised that that man still has a job. I am surprised that he's still doing that. At least when I was a kid, when I thought of a member of Congress, I used to imagine them being somebody who was important. Somebody we looked up to. People who were sophisticated and professional. No matter what side they were on. Republican or Democratic. I always admired these people because they were doing the people's work. Regardless of who or what. But I'm not surprised. But that is insane. This is an extremely new low for even the Republican Party. Like, I have no words, truly. I truly have no words. I really hope that there are consequences for that action while he's working. It's one thing to say it on your personal thing. That doesn't make it any better. If you're on your personal account and you're just that way, whatever. But you are on the job, sir. Like, that is insane. And I really hope that the Haitians that are suing win. Because they don't need all of this unwanted attention. I am a thousand percent with these Haitian immigrants. A thousand percent. And if you ask me, those Haitian immigrants have way higher standards than you do. They are happy to serve and be in this country and live the American dream. And you are just tainting it. With your vile, disgusting, hatred comments. So, the internet's forever. And I really hope, I hope you learn. You learn something from this.",tiktok,2024-09-26 00:31:14+00:00,1,1,positive_enrichment_round2,Qwen/Qwen3-14B,qwen3_14b,1,True,1,
555016,0,negative_evaluation,"Within the span of a half hour last week, one of Jack Smiths prosecutors in classified docs case called defense argument garbage, told Judge Cannon the proceeding is no way to run a railroad, and pounded on podium, clapped his hands in rage.Smith’s team is melting down over its imploding case:",truth_social,,1,0,original_stratified,Qwen/Qwen3-14B,qwen3_14b,0,True,0,
3709697,2,negative_evaluation,Kamala Harris is DONE and so is the Democrat Party. Youve treated the American people like shit and made us last place for the LAST TIME! #fema #femasucks #democratsaredestroyingourcountry #democratsarecancer #fjb #kamalaharrissucks #trump #trump2024 #maga :  Thanks for watching!,tiktok,2024-10-06 16:13:01+00:00,1,1,positive_enrichment_round2,Qwen/Qwen3-14B,qwen3_14b,1,True,1,
1680145,0,negative_evaluation,The reason Joe didnt drop out is because he was certain that Trump wouldnt be alive today. Theyll take out Biden next. Blame Trump for encouraging retaliation and try to create more divisions.,twitter,2024-07-17 03:21:45+00:00,0,0,original_stratified,Qwen/Qwen3-14B,qwen3_14b,0,True,0,
644353,0,negative_evaluation,"“Maga on Maga”.       #lincolnproject #jointheunion #veteransagainsttrump #voteblue @AmyDawn 💜 @POLITICAL MOM @FactsStillMatter @Ben Dowd-Arrow @Obi Wan FacTony @NikkyMouse28🐭 @usmcangryveteran @Upstate Reeb @jolly_good_ginger @CrowandArrow @💙💙Tara💙💙 @Diane 💙🖤🩵 @Felice @𝓙 ҽ ɳ ɳ 💫 @Lynnrazz @💫💥🔥 Tea 🔥💥💫 @Kodie Kulp @mikelowery2.0 backupl @Barrister427 :  Because Republicans continually have their head up their ass and can't figure out how to actually use the power that the people gave us. Ready, fight! My friends in the Freedom Caucus, Matt Gaetz and others, they're proving to the country that they don't care about doing the right thing for America. People are sick and tired of a feckless, useless Republican Party that never does a damn thing to stop any of this. I can tell you right now, people are going to stop supporting Republicans if Republicans don't get their act together and actually do something about this. The feud was between Congresswoman Marjorie Taylor Greene and Warren Obert. It was caught on camera. You can see them chatting there and it led to a lot of questions. There was reporting that the word, and pardon my language here, or the phrase, little bitch, was thrown around. Well, one day we are going to row ourselves right off of that cliff. I think we should make an investigation out of this one, I think.",tiktok,2024-06-05 03:23:36+00:00,1,0,original_stratified,Qwen/Qwen3-14B,qwen3_14b,1,True,1,
1473359,0,negative_evaluation,According to wh aids biden defecated in the bed over 13 times in the last 4 months,twitter,2024-07-13 05:46:50+00:00,1,0,positive_enrichment_round2,Qwen/Qwen3-14B,qwen3_14b,0,True,0,
1679683,0,negative_evaluation,"People think you can have a functioning society and be degenerates, but its impossible. Imagine believing someone that has zero self control will all of the sudden be a fiscal conservative! lol",twitter,2024-07-17 03:11:38+00:00,1,1,positive_enrichment_round2,Qwen/Qwen3-14B,qwen3_14b,1,True,1,
1086278,2,negative_evaluation,"Agreed with everything said; but I dont feel sorry for Biden in the least. Yes, the dems are indeed beyond reproach; theyre dirty and filthy and corrupt. And Biden is simply a corrupt scumbag who deserves ZERO sympathy. ZERO. He can rot in hell.",twitter,2024-06-28 23:58:55+00:00,1,1,original_stratified,Qwen/Qwen3-14B,qwen3_14b,1,True,1,
1854771,0,negative_evaluation,Axelrod is the most disgusting of all the characters in all of this destruction of the Democratic Party. It is not going to work and Axelrod will and should be expelled from the party.,twitter,2024-07-20 03:16:27+00:00,1,1,positive_enrichment_round2,Qwen/Qwen3-14B,qwen3_14b,1,True,1,
913476,1,negative_evaluation,Yeah because nothing says being a good father like showering with your daughter and turning your crack addicted son into a bag man!,twitter,2024-06-18 07:41:13+00:00,1,0,positive_enrichment_round2,Qwen/Qwen3-14B,qwen3_14b,1,True,1,
2824939,8,scapegoating,Part 4 Finale #ineedbillions2_ #fyp #loveisland #loveislandusa #kamalaharris #news :  wild for a dude like young boy to charge his own artist for a feature but young boy's making it clear he's here to make money not friends after no cap's response young boy sent more shots calling him broke and said you play industry chess but just don't know this game ain't got no loyalty these rappers gonna kill your young boy also said no cap only linked up with him because he was popping but when the beef got real no cap wouldn't even take a pic with cuando rondo then he threw out another savage line and wrote go make a song about it make me some money the show must go on no cap ain't even respond but young boy wasn't finished yet a while back people thought no cap was dissing a little dirt but no cap hop online and squash the rumors he said that even though he don't talk to dirt they keep each other's names out of their mouths young boy brought the situation back up and said it shouldn't even matter if people thought he was dissing an eye then he called no cap and said cuando is the only reason he's on the label no cap responded about not being broke and told a young boy to get cuando a lawyer but that was nothing compared to the shots young boy took at him after they started going crazy back and forth nba young boy's fans dug up no cap's old facebook post where he was dissing young boy back in 2017 before his career popped off no cap replied to someone saying they listen to young boy 24 7 and said can't even listen to the boy for 30 minutes and in another post he said next say why b go harder than kodak i'm slapping your mama down nobody really knows why young boy went off like he did there could be a lot more going on behind the scenes but some fans think it's all over no cap not taking on young boy's beef and putting on for the label young boy and the rest of 4k tray had no caps back when he was beefing with little baby but it seems like no cap ain't holding down for them the same way little jerk is one of young boy's biggest ops in the game right now so no cap is out of pocket we're trying to stay neutral and worrying about people thinking he distant it's not clear how the situation is going to play out but it don't look like no cap and young boy are coming back from this plus young boy ain't really known for squashing beef it seems like he was never really tight with no cap in the first place so there's basically no chance they're gonna move past it this whole thing leaves no cap in a tough spot though he signed to a label where the main artist and owner is sending heavy shots at him on social media he can't just go back and start rocking with baby and 4pf again maybe young boy would just release him from his contract but the situation is far from over,tiktok,2024-09-02 22:42:31+00:00,0,0,original_stratified,Qwen/Qwen3-14B,qwen3_14b,0,True,0,
1373327,0,scapegoating,"Everyone Flipping 🤣🤣 #😂😂 #voted #biden #trump #drumar #yup #trump2024 #votebidenout #welp #blackjobs :  The migrants are here for three reasons. Replace us at the polls. Replace us at the low, low end industry jobs. Right. See, when Donald Trump said during the debate that Joe Biden is taking black jobs and giving them to migrants, he was correct. Although he didn't say it because he cared about us. But he's right. When people say, what do you mean by black jobs? Get out your bougie feelings and deal with the reality. One third of black men have a felony. So there's a lot of jobs they will never qualify for. They are mostly what essential workers, warehouse, trucking, security. And a lot of those jobs are going to who? The migrants. So that's what he meant by black jobs. We got to stop being so sensitive and look at the reality of it.",tiktok,2024-07-10 23:43:41+00:00,1,1,positive_enrichment_round2,Qwen/Qwen3-14B,qwen3_14b,1,True,1,
752495,3,scapegoating,"Biden’s Crime Bill was against black Americans and that is why black Americans were pulled over 50 times in 3 months, that is why black Americans were carrying guns and were shot by police. The democrat party has Chicago black on black crime rising yearly, black mayor, black",twitter,2024-06-12 13:38:39+00:00,1,1,positive_enrichment_round2,Qwen/Qwen3-14B,qwen3_14b,1,True,1,
2953143,6,scapegoating,"#trump #trumpsupporters #trump2024🇺🇸 #trumpsupporter #usa #usa_tiktok #usa🇺🇸 #political #politicstiktok #politicalhumor #politicalcomedy #politicalmemes #politicaltok #republicans #republicansoftiktok #republican #conservativetiktok #conservativesoftiktok #conservativesunite #conservatives #texas #texasgirl #texascheck🤟🏻🇺🇸 #president #donaldtrumpisyourpresident #donaldtrump :  Kamala Harris was given one important job as vice president, monitor and control our southern border. How did she do? Did she take the job seriously? Did she do all she could to protect American citizens from an invasion? Did she do anything at all? You haven't been to the border. And I haven't been to Europe. And I don't understand the point that you're making. Here's her grim scorecard. Murders, rapes, attacks on children. A 12-year-old girl in Texas. A mother of five in Maryland. A nursing student in Georgia. All savagely murdered by those Biden and Harris led into our country unlawfully. We have a secure border. Kamala Harris was and is a complete failure at her job. Now she's asking us for a promotion? Who in the world? What right mind would give it to her? Restoration Pack is responsible for the content of this advertising.",tiktok,2024-09-09 11:32:36+00:00,1,1,original_stratified,Qwen/Qwen3-14B,qwen3_14b,1,True,1,
242450,0,scapegoating,Migrants Take Over American Jobs (local news) via Biden’s leaving behind Americans for greed of votes.,twitter,2024-05-06 23:02:58+00:00,1,1,positive_enrichment_round2,Qwen/Qwen3-14B,qwen3_14b,1,True,1,
2301373,0,scapegoating,"Every grandma murdered by an illegal, is a +1 in that category, and it goes up.",twitter,2024-08-10 12:48:38+00:00,1,1,positive_enrichment_round2,Qwen/Qwen3-14B,qwen3_14b,1,True,1,
3593921,0,scapegoating,"""Every American should be outraged about this."" - @tomi_lahren_ takes aim at the U.S. Border chaos and calls out Kamala Harris' lack of preparation for the job.  Listen to the interview on wabcradio.com or on the 77 WABC app!:  This should be the number one issue. Those ICE numbers that were released late last week before Kamala's big trip, showing that there are hundreds of thousands of criminal aliens that are accused of horrific, awful crimes and even convicted of horrible, awful crimes roaming our streets. And the Democrats want you to feel better because border crossings are down for the last few months. Meanwhile, they're still flying in tens of thousands of people from around the world per month. But they want you to applaud them because it's down a little bit at the border. No, no, no. Don't insult our intelligence. Every American should be outraged about this. I know immigration is something you spend a lot of time talking about on Fox News. I guess if you had to look at all the issues in this country, because so much evolves from that, including crime, that's got to be the place where Trump wins. Yes? Nobody was really talking about illegal immigration before Donald Trump made it the number one issue. And then, of course, Joe Biden. And he opens up the floodgates.",tiktok,2024-09-30 21:49:20+00:00,1,1,positive_enrichment_round2,Qwen/Qwen3-14B,qwen3_14b,1,True,1,
1361162,0,scapegoating,"Dear Donald Trump, If you have been treated worse than Lincoln, why are you alive? Sincerely, Everyone with common sense",twitter,2024-07-10 19:59:40+00:00,0,0,original_stratified,Qwen/Qwen3-14B,qwen3_14b,0,True,0,
2250920,0,scapegoating,"PRESIDENT TRUMP: The presidency was taken away from Biden — and Im no Biden fan. Whether he could win or he couldnt win, he had the right to run.",truth_social,,0,0,original_stratified,Qwen/Qwen3-14B,qwen3_14b,0,True,0,
322544,0,scapegoating,"This is the MAGA Republican way. It’s hard to blame Soros for everything you don’t like, pretend to defend Jews, and be a Trump supporter all at once. Just ask Dan Sullivan.",twitter,2024-05-10 11:50:12+00:00,1,0,original_stratified,Qwen/Qwen3-14B,qwen3_14b,0,True,0,
3613711,3,scapegoating,".Theyll revert back to their old ways, because they havent assimilated to American culture. Yes, the TPS will ear all pets (Venezuelians &amp; Haitians). This is what the do in their countries. We have over 425,000 pending criminal cases from illegal aliens in our country.",twitter,2024-10-01 22:46:19+00:00,1,1,positive_enrichment_round2,Qwen/Qwen3-14B,qwen3_14b,1,True,1,
3725774,0,scapegoating,"Nobody is judging him on family values, you were. We care about the 12 million illegals we are paying for that you voted for along with the 22% inflation since Biden took office. We care about the world at war and destabilized since Biden took office. No wars during Trump",twitter,2024-10-07 14:35:28+00:00,1,1,original_stratified,Qwen/Qwen3-14B,qwen3_14b,1,True,1,
1684304,2,scapegoating,"Children die thanks to your open borders Biden, drugs and illegal immigrants are killing Americans children!",twitter,2024-07-17 05:20:48+00:00,1,1,positive_enrichment_round2,Qwen/Qwen3-14B,qwen3_14b,1,True,1,
3694086,1,scapegoating,Biden and Kamala’s illegal immigration used funds that were for Americans depleted funds set aside for Americans in desperate times! GFY!,twitter,2024-10-05 14:39:36+00:00,1,1,positive_enrichment_round2,Qwen/Qwen3-14B,qwen3_14b,1,True,1,
358755,0,scapegoating,#satire #greenscreenvideo #americafirst #wediditjoe #joebidensamerica #wedontmatter #abolishthegovernment #wastedtaxdollars #kevlar #bodyarmor #civilwar #imtiredofthisgrandpa #getmeoffthisplanet :  This is what America last looks like. New York City firefighter dies of a heart attack after being fired to pay for migrants. Normally I wouldn't ask for like fashion advice but I am this time. What color matches my eyes better? Just you know spitballing. We've got the old school DCU chocolate chip and then we've got the new school just blacked out. I don't know about y'all but I don't think I can go into a civil war and not look at my damnedest okay. So you let me know in the comments.,tiktok,2024-05-11 19:54:00+00:00,1,1,positive_enrichment_round2,Qwen/Qwen3-14B,qwen3_14b,1,True,1,
2543005,3,scapegoating,"I have a feeling and Im usually right Ive been around a long time but I think Kamala Harris voters will regret their vote like they did Biden, Biden trashed the economy but Harris will destroy it, you cant expect hard working Americans to support 20 million illegal immigrants",twitter,2024-08-18 20:53:46+00:00,1,1,positive_enrichment_round2,Qwen/Qwen3-14B,qwen3_14b,1,True,1,
901124,0,scapegoating,You would have to be a complete fool to believe all this! What about 40 year record high inflation and our out of control southern border with all the drugs flowing through it and human trafficking! Biden has hit a record low on job performance! You call that an accomplishment!,twitter,2024-06-17 21:49:23+00:00,0,1,original_stratified,Qwen/Qwen3-14B,qwen3_14b,0,True,0,
2574425,0,scapegoating,There wouldnt be a housing crisis if Biden Harris didnt invite 15 million illegals into America.,twitter,2024-08-19 22:40:12+00:00,1,1,positive_enrichment_round2,Qwen/Qwen3-14B,qwen3_14b,1,True,1,
1955719,9,scapegoating,"Bull . Liars lie &amp; people “feel” the truth every day they wake up to higher prices, gas, electricity, insurance, products &amp; food. Biden’s lower wages, no jobs because of Dems open border &amp; millions of illegals taking money, jobs &amp; places to live. You can’t make this stuff up.",twitter,2024-07-21 23:36:28+00:00,1,1,positive_enrichment_round2,Qwen/Qwen3-14B,qwen3_14b,1,True,1,
316880,0,scapegoating,"Biden sold out America with over 10 million illegal aliens getting free phones, free shelter ,free health care, snap benefits all courtesy of the American tax payer. Biden prints money like its a water faucet. And if you had any intelligence youd know why electric cars are bad.",twitter,2024-05-10 02:16:00+00:00,1,1,positive_enrichment_round2,Qwen/Qwen3-14B,qwen3_14b,1,True,1,
261285,0,scapegoating,Biden’s open border policy escalated crime by illegal immigrants in border states by 25% to 33%. It has put a great burden on the police force. Locals have had to increase security measures for their safety. His actions are careless.,twitter,2024-05-07 16:54:59+00:00,1,1,positive_enrichment_round2,Qwen/Qwen3-14B,qwen3_14b,0,True,0,
3746824,0,scapegoating,Kamala vapid emptiness,truth_social,,0,0,original_stratified,Qwen/Qwen3-14B,qwen3_14b,0,True,0,
3778350,9,scapegoating,"PRESIDENT TRUMP: So after the surrender of our energy independence, the Afghanistan catastrophe... the border invasion, the 13,099 illegal alien convicted murderers roaming free... she's lost 325,000 migrant children, the worst inflation in history, the $29,000 dollars in price hikes she cost the typical American family, the decimation of our Middle Class, the Ukraine disaster, the October 7th attack on Israel, the loss of respect all over the globe, the failed Witch Hunts against her political opponent, me, the trillions of dollars wasted on the Green New Scam, and the worst hurricane response since Katrina, Kamala Harris can’t think of ONE THING she would do differently.  She wouldn't have done anything different than this guy who should have never been president.#trump2024🇺🇸 :  So after the surrender of our energy independence, the Afghanistan horrible, most embarrassing moment in history. We lost 13 soldiers, great soldiers. We left billions and billions of dollars behind. We left Americans behind. You have Americans right now in Afghanistan, and they cannot be happy, right? They're probably, many are probably dead. The border invasion, right? The border invasion. How about the 13,099 illegal aliens convicted of murder? They're roaming free. That's okay. In other words, these are all things that are okay. These are all things that are okay. How about, to me, the worst of all, because it's not even imaginable. She's lost, during her three and a half years, 325,000 migrant children. They're gone. Nobody knows where they are. Many are dead. I would say most are dead. We don't know. We probably won't find. We'll find out. But many are dead. Most are dead. Many are in sex slavery. Many are in slavery. But there are many dead. 325,000 young kids. Think of it. You could fill up Yankee Stadium many, many times. Think of that. Many, many times. 325,000. They're gone. Nobody, the parents, and the parents want them back. Nobody even talks about it. The fake news doesn't talk about it. It's. It's. In terms of humanity, this is bigger than anything you can even imagine, right? This is the biggest thing. And she doesn't she thinks it's okay because she said, No, I don't think I change anything. All of this stuff would have stopped the worst inflation in the history of our country, costing everybody a minimum of $29,000 per family price hikes that cost a typical family. Think of that. No, she wouldn't share $29,000. People don't have that money. The inflation has really destroyed the middle class. The elderly and people on fixed incomes are decimated. See, just think of it. Our middle class. How about Ukraine? If I were president, there never would have been a war. You wouldn't even know what Ukraine is. There would have never been a war. Putin wouldn't have done it. Putin wouldn't have done it. And that was OK with her. You remember what she said. She said, no, she didn't know where the hell she was. She said, no, no, no, no, no. This is I wouldn't done nothing. How about the October 7th attack on Israel? That would have been never happened. How about the fact that the United States is a laughingstock all over the world? How about she failed on the witch hunts against her political opponent, me? The first time that they've ever done that. They do it in other countries like in Third World, Banana Republics, the witch hunts. I call it the witch hunts against Trump. The one in Florida was thrown out. And yet Biden's document case. They ruled on him. They said he's guilty. Right. Oh, he had documents for 50 years. He should. And I had the Presidential Records Act. I was totally allowed to do it. Anyway, my case was won. He lost his case. What they said is that he's incompetent. Essentially, they said he's got no memory and all sorts of other things. And therefore we shouldn't send him to court. They said he wasn't fit to stand trial. But he's allowed to be the president of the United States. OK. No, no. Think of that. Here's the ruling. He's not fit. He's got no memory. And he's in trouble. But he can run the presidency, but he cannot stand trial. They released him on the basis of that. The trillions of wasted dollars on the Green News scam. All that money is not only wasted. It set us way back, way, way back. And the worst hurricane response since Katrina. She doesn't want to have a do over with what's happened to North Carolina, Georgia, Alabama, all the states that we just mentioned. Kamala Harris. Could not think of. One thing that she would do differently. And you know, it's strange because when I saw that question, I said, oh, this is going to be a long answer because she could have done it in a nice way. I wish I would have done this on the border. I wish we would have closed up the border. I wish we didn't have the horrific acts of violence against all of those children and all of the things she could have. And she could have really done. And I said, well, this will be a good answer. She didn't know what the hell to say. But think of it. It was a softball question. It was meant that she was. And she said, no, I would have done. Everything. So all of the agony, all of the suffering, all of the inflation and the border and the criminals coming into our country, she wouldn't have done anything different than this guy that should have really never been president, in my opinion, should have never been president. So she said that there would be nothing. And to me, that is a disqualifying answer that should disqualify her from even running. If that's going to be the case, she should be disqualified from even running. She's an. Incompetent person.",tiktok,2024-10-09 20:55:30+00:00,1,1,positive_enrichment_round2,Qwen/Qwen3-14B,qwen3_14b,1,True,1,
1241774,5,scapegoating,"Suze Orman for VP #2024election :  Hey, social media, it's election season. Let's keep something in mind. If someone in the comments is saying that they are not a fan of Trump, it doesn't automatically mean that they love Biden. If there's someone talking not so nice about Biden, it doesn't mean they love Trump. Some of us really want neither. We're looking for Judge Judy 2024.",tiktok,2024-07-07 22:54:27+00:00,0,0,original_stratified,Qwen/Qwen3-14B,qwen3_14b,0,True,0,
2513946,0,scapegoating,"A quick question to all the forgotten (wo)men that are still MAGA: You are more into vibes than logic, I understand, but readthis and ask yourself: why not? The Deep State is the easy answer. A GOP Myth they blame for everything. Why not ask your congress folks?",twitter,2024-08-17 17:22:05+00:00,1,0,original_stratified,Qwen/Qwen3-14B,qwen3_14b,1,True,1,
2648243,10,scapegoating,"RIP Rachel Morin #rachelmorin #rip #trump2024 #trump #border #2024 #smh #yup #facts #maryland #baltimore #immigration :  Thank you, darling. Thank you. Thank you. Thank you. Take care of yourself. Absolutely. We don't want it to happen to other people. No. Hi. I was just thanking President Trump for the invitation to come and to share Rachel's story. Rachel was 37 years old. She had five children. She worked. She owned a small business. She worked very hard to support her family. And the trail that Rachel ran daily was a trail that we as a family would walk over the last 25 years that we've lived in Maryland. It's a very safe, small trail, very public, very open. Moms with baby carriages go down this trail. It's very safe. I was in Kentucky. We had a grandbaby that had passed away. When I got a phone call from... My son. And he said, Mom, there's somebody here that would like to speak to you. And when I said hello, the person on the other end said, Hello, Mrs. Morin. This is Detective so-and-so. I'm the lead detective on this case. There's no easy way to tell you this. But we found your daughter's body. And if they find the body, you know that she's dead. But they wouldn't say, We found Rachel. She's alive. And so they found my daughter's body. And when they found it, it just recently has come out that she was brutally beaten, raped, and then stuffed into a drain pipe. We're 18,000 miles, 1,800 miles from the border. And because of this open border, we've had not just my daughter, but we've actually had two in the same county that we're from, where illegal immigrants have come in and have caused rape and murder of our citizens. And I don't... I really... The reason why I came here today and I accepted the invitation is because I really want our words to be heard. And I really want... I really want you to take to heart what we're saying. It's not... We're not here for a political stand, although we are. We're here because we're losing our moms, our daughters, our children to criminals. And that shouldn't happen. We should be taking care of our country, our people. And the only way I believe that's going to happen is if President Trump is reelected as president. And we close up this... This border. And we put policies back into place that were there before. Instead of this open border thing. We're just going to... We're going to end up being a third world country if it continues this way. And I hope... Truly, I hope that you will just take my words to heart. Because it's devastating to lose a child. But even more devastating when you see the pictures or you see the body. And you... You really understand what's happened to that person. So please take to heart. This is a very, very important issue. And it's one that's either going to make or break our country. It's not so much... It's about America. It's about Americans. It's about us taking and protecting ourselves. And looking out for each other. It's about protecting our families. So, thank you. Thank you. So beautiful. Thank you. Thank you very much. Thank you. Thank you. Thank you.",tiktok,2024-08-22 23:37:07+00:00,1,1,original_stratified,Qwen/Qwen3-14B,qwen3_14b,1,True,1,
3712234,0,scapegoating,Compassionate ? You libs burn down cities!,twitter,2024-10-06 19:36:47+00:00,1,1,positive_enrichment_round2,Qwen/Qwen3-14B,qwen3_14b,1,True,1,
3867954,1,scapegoating,MAGA still can’t explain how GOP voters can get caught in voter fraud but how thousands of undocumented immigrants are committing voter fraud and not get caught.,twitter,2024-10-16 01:16:04+00:00,1,0,original_stratified,Qwen/Qwen3-14B,qwen3_14b,0,True,0,
870917,0,scapegoating,"Joe Biden’s America; ‘Illegal Aliens Get More Benefits Than Disabled, Blind And Veterans American Citizens | One solution, deport the illegal aliens back to their country of origin with a $20,000 deposit in their home country’s bank account for the purpose of helping them",twitter,2024-06-16 20:17:53+00:00,1,1,positive_enrichment_round2,Qwen/Qwen3-14B,qwen3_14b,1,True,1,
2306110,6,scapegoating,"WHY would anyone BELIEVE Kamala Harris-AFTER shes partially RESPONSIBLE for the ILLEGAL IMMIGRATION CRISIS, INFLATION, ANTI SEMITISM, CRIME, the ATTACK on USA ENERGY, HOMELESSNESS, as well as SHOVING ELECTRIC CARS DOWN our THROATS - HARRISS POLICIES are CATASTROPHIC!",twitter,2024-08-10 17:53:46+00:00,1,1,original_stratified,Qwen/Qwen3-14B,qwen3_14b,1,True,1,
3312165,2,scapegoating,Child Rapist! Anyone that supports the open boarder we have now (from Biden Admin.) supports child rape. The open boarder promotes child sex trafficking and that is all Biden/HARIS! Sick Hollywood ppl,twitter,2024-09-22 00:19:16+00:00,1,1,positive_enrichment_round2,Qwen/Qwen3-14B,qwen3_14b,1,True,1,
2246532,0,scapegoating,"Australia news! #Foryou #Fyi #VoteRed #Biden :  you were to pull out a list of accomplishments of this Biden presidency, you'd be like, well, there's the 10 million plus illegal immigrants. That's something. There's the disastrous withdrawal from Afghanistan. That's something. There's record high inflation and interest rates, much like here in Australia. They're suffering big time in America. And the list goes on. There is no American alive, even the most devout Democrats who would seriously think we should start chiseling away at Mount Rushmore to immortalize the Biden presidency forever.",tiktok,2024-08-08 16:17:10+00:00,1,1,original_stratified,Qwen/Qwen3-14B,qwen3_14b,0,True,0,
3431078,0,scapegoating,"This ass has been influencing Elections since Trump introduced him to Ronald Reagan in the White House in 1983. This is Rupert Murdoch, he owns media on 4 Continents &amp; is as evil as Putin, Trump, Netanyahu&amp; Orban… brainwashed an entire generation… MAGA!",twitter,2024-09-25 08:57:52+00:00,0,0,original_stratified,Qwen/Qwen3-14B,qwen3_14b,1,True,1,
412253,6,scapegoating,"ICE Blames Release Of Convicted Murderer Due To Detention Bed Shortage For Migrants #fyp #foryou #bidenadministration #bordercrisis #arizona #massachusetts #criminal #deptofhomelandsecurity #ice #borderpatrol #asylumseekers #refugees #american #wethepeoplearepissed #fjb #americafirst #🇺🇲 #makeamericagreatagain #livefreeordie #familythings :  Hey guys, so I just watched the most insane news coming from News Nation. That ICE let a convicted murderer into the U.S. due to lack of bed space in the detention center. Columbia flagged him and wanted him back because he was wanted for murder. But ICE let him free. And what makes me even more angry? Is he was in Massachusetts. Massachusetts where my loved ones are. You set criminals free to roam the state where my young great nieces and my great nephews, my nieces and my nephews, my sisters and my brothers are. And you don't care? You don't care about the American people? You don't care? I watched the Senate hearing when Alejandro Mayorkas lowered the bed amount for $45,000 to $32,000 and had no reason why. Well, now we know why. I am infuriated. I'm going to play the video and please let me know your thoughts and comments on this. The American people should be concerned because how many others? How many others? How many others? Oh. More than 268,000 illegal immigrants were arrested and then released into the United States. Last year, it was more than 360,000. It is a common practice often referred to as catch and release. The Department of Homeland Security places undocumented migrants into trial-like proceedings by releasing them with a notice to appear. The Department of Homeland Security places undocumented immigrants in jail. It's a common practice often referred to as catch and release. But what is the number of those released? We don't know. We're in immigration court. But one number we don't know is how many of those released were violent criminals. Our next story shows that at least one of them was a convicted killer who was caught and released into the U.S. Why are you blocking out of space? But it gets worse. News Nation has learned his extensive criminal history, dating back to his childhood, was shared with the U.S. Immigration and Customs Enforcement. He walked free anyway and was trusted to come back to court on assist. own accord. News Nation's Allie Bradley is live for us in Del Rio, Texas. Allie, why did ICE release this man? Yeah, so Elizabeth, ICE knowingly released this convicted killer because of a lack of bed space. Now, this really is a testament to what happens when there is an overwhelming surge at the southern border. This man subsequently released because they just couldn't find space for him. So ICE actually provided us a statement here this afternoon where it reads in part, quote, Efren Vidalis Vargas, an unlawfully present Colombian who is wanted by Colombian authorities for homicide conviction, unlawfully entered the U.S. in November of 2023 and was erroneously released from ICE custody. So according to multiple VHS sources and based on internal documents that News Nation was able to reveal, this 49-year-old Colombian national entered the U.S. illegally. He came in through the UMass. Back in November of last year. Now, he was apprehended and then he was actually interviewed by Border Patrol. Then he was turned over to ICE. They requested bed space from ICE. Now, information on the conviction and extensive criminal history were relayed to the removal authority to ICE on December 11th of last year. An officer even noted that Vargas has a murder conviction in Colombia in his file. And during his interview, he admitted to criminal acts dating back to early childhood. But here's the thing. Two days later, he was released with a notice to appear to a court hearing due to, quote, national bed space shortage caused by southwest border surge. The move leaving a recently retired Border Patrol chief in shock. Take a listen to what he had to say. This case emphasizes or reinforces the problem we have with lack of detention and lack of accountability in the immigration enforcement continuum because we released a convicted murderer to the streets. This this again, like I mentioned, is a betrayal of our Homeland Security Department at the highest. Thank goodness, to our knowledge, no other crimes have been committed. OK, so as he said, to our knowledge, no other crimes have been committed, Elizabeth, over the last six months that Vargas has been in our country. We don't have any records of him being involved in anything nefarious. So why did he get picked up now? What was it? Well, sources say that an attache, a liaison in Colombia, was arrested. He was arrested on the grounds of a murder. He was glad he couldn't be released when he being released on spite of what he did. So military authorities headаст some similar charges in North Carolina on the last news report. He was still released because of quote a lack of bed space. The only thing is we erroneously released him. I mean, why not put him in one of the beds and release somebody else? And isn't there a protocol that if a convicted killer comes in here, we just immediately ship them back to the country from which they came? Well, and that's what retired Chief Chris Clem was talking about. He was like, when he was chief or if he was in that position, he said, you make space, you bump somebody else, and you make room for this guy, or you get him on a plane to Gitmo, to Guantanamo Bay. Something else, but you surely don't release him, Elizabeth. He said this was an egregious act here by ICE. He says he just can't even wrap his head around how this could happen. Yeah, pretty. Neither can I. Ali Bradley, great reporting. Thank you.",tiktok,2024-05-14 23:29:08+00:00,1,0,positive_enrichment_round2,Qwen/Qwen3-14B,qwen3_14b,1,True,1,
1100814,4,scapegoating,"Have been with Trump since 2016. Sad, so many GOP traitors took Obamas side to destroy the hard working legal Americans and give to the illegal Muslims who hate America and are bringing in their many wifes to speed up their takeover of our once beautiful Country. NO Muslims",twitter,2024-07-01 01:40:55+00:00,1,1,positive_enrichment_round2,Qwen/Qwen3-14B,qwen3_14b,1,True,1,
3837635,2,scapegoating,PRESIDENT TRUMP: Let me tell you what IS happening at the border. People are pouring in and taking jobs from Hispanic Americans and African Americans.,truth_social,,1,0,original_stratified,Qwen/Qwen3-14B,qwen3_14b,1,True,1,
946807,0,scapegoating,Türkiye Tarım Arazilerini Kaybediyor,twitter,2024-06-19 11:12:37+00:00,0,0,original_stratified,Qwen/Qwen3-14B,qwen3_14b,0,True,0,
1477845,0,scapegoating,Joe Biden is responsible for women being raped and murdered by illegals,twitter,2024-07-13 12:16:41+00:00,1,1,positive_enrichment_round2,Qwen/Qwen3-14B,qwen3_14b,1,True,1,
2570008,0,scapegoating,Tell Congress to stop illegal immigrants from stealing the election The Article3Project believes proof of citizenship should be required for voter registration.TAKE ACTION :,truth_social,,1,1,positive_enrichment_round2,Qwen/Qwen3-14B,qwen3_14b,1,True,1,
2645111,5,scapegoating,"WATCH:The Democrats DNC CLOWN SHOW is just a front for their real agenda: pushing CHILD SACRIFICE through abortion, Islamic EXTREMISM, and flooding our streets with criminal ILLEGAL ALIENS.Kamala Harris is ready to double down on Joe Bidens disastrous policies which are driving America straight into the GROUND! They’re coming for your country, your family, and your future—WAKE UP!",truth_social,,1,1,original_stratified,Qwen/Qwen3-14B,qwen3_14b,1,True,1,
3869584,0,scapegoating,"This is what Kamala, Biden, Obama, will give to you and your family! Illegals commit crimes and are allowed in every state in America!",twitter,2024-10-16 06:25:46+00:00,1,1,positive_enrichment_round2,Qwen/Qwen3-14B,qwen3_14b,1,True,1,
1022472,2,scapegoating,"We are a failing nation, but because of convicted felon trump, maga and billionaires.",twitter,2024-06-22 14:48:02+00:00,1,1,positive_enrichment_round2,Qwen/Qwen3-14B,qwen3_14b,1,True,1,
530453,0,scapegoating,Didnt US citizens killed by illegal immigrants surpass the amount of Americans killed in Vietnam,twitter,2024-05-24 19:30:29+00:00,0,0,positive_enrichment_round2,Qwen/Qwen3-14B,qwen3_14b,0,True,0,
2432589,2,scapegoating,The illegal immigration chaos and mayhem fails on the hands of Biden/Harris. The blood of Americans killed or raped and hurt by illegals also falls on democrats hands,twitter,2024-08-14 21:13:53+00:00,1,1,original_stratified,Qwen/Qwen3-14B,qwen3_14b,1,True,1,
3496879,2,scapegoating,"PRESIDENT TRUMP: Every state is now a border state—and Kamala Harris is the reason why. In Aurora, Colorado, Springfield, Ohio, and other towns just like them, Americans have watched their communities destroyed by a sudden and suffocating inundation of illegal aliens.",twitter,2024-09-26 22:07:11+00:00,1,1,positive_enrichment_round2,Qwen/Qwen3-14B,qwen3_14b,1,True,1,
3245144,0,scapegoating,"Kamala Harris allowed 300,000+ migrant children to be given to sex traffickers. If youre still defending a vote for her, your moral compass is trash.",twitter,2024-09-20 10:10:08+00:00,1,1,positive_enrichment_round2,Qwen/Qwen3-14B,qwen3_14b,1,True,1,
1747844,11,scapegoating,"Republican National Convention: Day 2. 07/16/2024. 2024 Senator Ted Cruz (Texas) gives remarks at day two of the RNC Convention. #RNC #Milwaukee #Wisconsin #USA #speech #tedcruz #senator #Texas #illegalimmigrants #trump #donaldtrump #trump2024 #🇺🇸votetrump🇺🇸 #🇺🇸47🇺🇸 :  Ladies and gentlemen, please welcome United States Senator Ted Cruz of Texas. God bless Donald J. Trump. And let me start by giving thanks to God Almighty for protecting President Trump. And for turning his head on Saturday as the shot was fired. Together we lift up in prayer all of our leaders for protection. And our prayers are in particular with the family of Fire Chief Corey Comparatore and the others injured on Saturday. Never before has an election mattered so much. We are facing an invasion on our southern border. Not figuratively, a literal invasion. 11.5 million people have crossed our border illegally under Joe Biden. Look around you. This arena holds about 18,000 souls. Now imagine 639 arenas just like this. Filled to the brim. That is 11.5 million people. Larger than all but eight states in the nation. But the numbers don't show us the true price that our country is paying. Every day Americans are dying. Murdered. Assaulted. Raped. By illegal immigrants. That the Democrats. Have released. Teenage girls. And boys. Wearing colored wristbands are being sold. Into a life of sex slavery. This is evil. And it's wrong. And it is happening every damn day. Think of Kate Steinle. She was 32. Walking with her father on a San Francisco pier. When a bullet tore through her heart. The man who fired that gun. He'd been deported five times. Every damn day. Think of Lake and Riley. Just 22 years old. A nursing student with dreams. Dreams of healing others. She went for a job. And never came home. Her life taken by someone who should have never been here. Every damn day. Or Rachel Moran. A beautiful mother of five. Raped and murdered in suburban Maryland. By an illegal immigrant. The Democrats released. Every damn day. Every damn day. Or Jocelyn Nungury. Only 12 years old. It was just one month ago today. That she was brutally raped and murdered in Houston. By two men who were supposed to be detained and monitored. But instead released and allowed to roam free. Every damn day. Damn. Damn. These aren't just stories. Or statistics. They're our daughters. Our sisters. Our friends. The families don't care about the empty numbers. They care about the empty chairs. At the dinner table. About the voices they'll never hear again. about the laughter lost, and about the dreams that will never be fulfilled. I've sat with these families in living rooms where the silence is so loud that it hurts, where photo albums are opened with trembling hands. How did we get here? It happened because Democrats cynically decided they wanted votes from illegals more than they wanted to protect our children. Today, as a result of Joe Biden's presidency, your family is less safe. Your children are less safe. They are less safe. They are less safe. They are less safe. They are less safe. They are less safe. They are less safe. They are less safe. The country is less safe. But here's the good news. We can fix it. And when Donald Trump is president, we will fix it. We know this because he's done it before. We know this because he's done it before. I know this because I worked hand in hand with President Trump to secure our border, and we achieved the lowest rate of illegal immigration in 45 years. It's real simple. He's done it before, and he'll do it again. He's done it before, and he'll do it again. He's done it before, and he'll do it again. He's done it before, and he'll do it again. So, tonight, I speak for Kate and Lakin and Rachel. Tonight, I speak for Jocelyn. And let us go forward together and keep our sacred oath to defend the Constitution and to protect the American people. Let us secure our borders. Let us secure our borders. Let us secure our borders. Enforce our laws. Enforce our laws. Protect our children and restore the future. Because when we do that, when we remember who we are and who we love, and we act to protect them, then and only then will we truly make our country a better place. And we will make America great again. Thank you. God bless Texas, and God bless the United States of America.",tiktok,2024-07-18 05:21:58+00:00,1,1,original_stratified,Qwen/Qwen3-14B,qwen3_14b,1,True,1,
3111231,0,scapegoating,"One minor correction, Chicagos problem is and always will be the liberal blacks and Democrats in general. Conservative(religious or not)blacks dont raise these types of low IQ thuggish children in my experience. Secondly nothing will change as long as people continue to vote",twitter,2024-09-17 02:57:51+00:00,1,1,positive_enrichment_round2,Qwen/Qwen3-14B,qwen3_14b,1,True,1,
2140472,6,scapegoating,"#Trump #democrats #Biden :  Okay, just in case you did not know it on yesterday Kamala Kamala Harris had a rally in Atlanta and it gave you like, oh, Atlanta's hype for her. Like people are so excited for her. I know you felt it. I know you saw it. She even brought out Ratched Megan Thee Stallion shaking her butt twerking for a political rally talking about hotties for Harris. That did not turn your stomach like that is pandering. Like if you've ever heard it. But but that's not to catch him. Do not let that rally looking for a fool fool you because Fulton County has been doing this for years before the rallies. They get bus loads and they go pick up the homeless people. They offer them food drink and a little change to come to the rally. So the rallies will look full. Now you got to realize she just dealt with the rally. And I want to say it was Pennsylvania where it was less than 60 people. It was quite embarrassing for her. And so that's not going to go down in this blackity black city. Okay, it's just not going to go down. They are absolutely going to make sure that thing looks packed out. So I want you to know that's why you only saw certain angles as well. But I want you to know. People aren't for her like that. That's that's why they're having to pick up homeless people. That being said, I'm gonna give her this. She's not the only one. It is a very Fulton County Atlanta thing. You can see it before all of this. All the Democratic rallies. You can see it. Now I've never seen them pick up people and pay them to vote Democratic. But it's been said for years, for years that they literally will go pick up homeless people on the days of the election and pay them to vote. They need the money so they do it because what poor and desperate is what they're banking on. I haven't seen that but I have absolutely and I saw yesterday them picking up the homeless people. To vote. To vote. To come to the rally. So do not be fooled. They'll tell you it's a lie. I'm telling you. This right here. Thousand percent the truth.",tiktok,2024-07-31 22:44:05+00:00,1,0,positive_enrichment_round2,Qwen/Qwen3-14B,qwen3_14b,0,True,0,
3524051,3,scapegoating,"KAMALA: As your president, I will protect our nations sovereignty, secure our border.THEN WHY HASNT SHE DONE IT ALREADY? She has been in office for four years and all she has delivered is 20 million illegal aliens to our cities and towns.",truth_social,,1,0,positive_enrichment_round2,Qwen/Qwen3-14B,qwen3_14b,1,True,1,
631328,0,scapegoating,For real. They act like black people commit almost all the crime in Baltimore. Oh wait,twitter,2024-06-02 23:51:30+00:00,1,1,positive_enrichment_round2,Qwen/Qwen3-14B,qwen3_14b,1,True,1,
3643055,0,scapegoating,"#creatorsearchinsights #fypシ #fyp #for #viralvideo #viraltiktok #republican #usa_tiktok #usa🇺🇸 #georgia #northcarolina #florida #america #american #highlight #trendy #trends #trend #trending #theconsiousmo #wealthypatriot #truth #freedom :  America. This is fucking unbelievable. Kamala Harris got her ass out there finally at Georgia. Pretend like she cares about the American people. You know, looking at the damage and the cost by the hurricane. She really don't give a fuck about us Americans. I bet if this was Israel or Ukraine, she'd be out there in two seconds. All those politicians. Especially if it was Israel, they'd be out there in two seconds. And, oh, how can we help you? What can we do? But anyway, when it's Americans, they'd be like, oh, hell no. We're not helping them. Fuck them. That's exactly the attitude they have toward us. Did you know the federal government collects every year $4.4 trillion in taxes? Yes, $4.4 trillion in taxes. That's our money. That's the money they steal from us, from our paychecks. You know, that money goes to Israel, $9 billion. Ukraine gets another $8 billion. Taiwan, $1 billion. $7 billion to house and, what do you call it, to get food and cars and free everything for illegal immigrants. Who came across the border. You know? Then on top of that, she's like, you know what? I'm going to offer. I'm going to offer the American people $750 each. The people who got destroyed by the hurricane. You know? But everyone else gets billions and billions of dollars, our tax money. You see these politicians? We must clean house. Left and the right. They're both trash. So, America, what do you think of the fact that Kamala Harris is offering Americans $750? What are they supposed to do with $750? $750 can't even afford you a box of diapers with the way fucking inflation is right now. Inflation is what? 25%? 25%? 25%? 25%? 25%? 25%? 25%? 25%? 25%? 25%? 25%? This is fucking unbelievable. I'm pissed off. Because they're putting everyone first except Americans last. You know? But the problem is us. We're taking this bullshit from them. We have the fucking numbers game on these motherfuckers. The Democrats and Republicans. It's time for Americans to rise up. Then we'll make this shit 1776 again. You know? There's a reason why we have the Second Amendment. So, let me know in the comments. It's time for us Americans to grow some balls, organize, and come together and drop fucking being a Democrat, being a fucking Republican. Fuck both parties. The first thing we are, we are Americans. We just stick together and guess what? Clean up the Congress. And the White House. Fuck all of them. You know? So, let me know in the comments if you agree or disagree with my message. America first. That should always be America first. Fuck Israel. Fuck Taiwan. Fuck the illegal immigrants. Fuck Zelensky. Fuck Ukraine. America first. You know? Fuck Kamala Harris. Fuck Joe Biden. All, you know, all the fucking Congress. Fuck them all. It should be America first. So, let me know in the comments if you agree or disagree with what I'm saying. You know? What do you think of the fact that Kamala Harris is offering these Americans $750? What the fuck? What are they supposed to do with $750? That's how pissed off I am. You know? I don't even know. Man, I'm so pissed. This is bullshit. $750? What? It's unbelievable. But anyway, let me know what you think, America. How do you feel about this? Let me know what you think. Because I'm really pissed off about this shit. You know? Fuck Kamala Harris. Fuck them all. America first. This is The Conscious Mo. I'm out. Peace, America.",tiktok,2024-10-03 01:35:55+00:00,0,1,original_stratified,Qwen/Qwen3-14B,qwen3_14b,1,True,1,
1248093,0,scapegoating,Remember when President Trump said that Biden’s Illegal aliens were taking jobs from Blacks and then Democrats got their slaves together to do “me at my” Well the idea didn’t originate with Trump it originated with Blacks like Minister Farrakhan and others!,twitter,2024-07-08 02:15:23+00:00,1,1,positive_enrichment_round2,Qwen/Qwen3-14B,qwen3_14b,1,True,1,
3408908,0,scapegoating,"Why are you on my posts! As a direct result of the Democratic Party children are being raped and murdered. An estimated 60% of 320,000 children have been handed over directly to sex traffickers. Thousands of American children have been raped and murdered as a result of Kamalas",twitter,2024-09-24 18:30:34+00:00,1,1,original_stratified,Qwen/Qwen3-14B,qwen3_14b,1,True,1,
1501157,0,scapegoating,Crazy incident. Attempted assassination. I think God saved Trump here.,twitter,2024-07-13 23:06:23+00:00,0,0,original_stratified,Qwen/Qwen3-14B,qwen3_14b,0,True,0,
57156,5,scapegoating,"#duet with @MAGA 👑 QUEEN #magaqueenoftiktok :  They're sending prisoners, murderers, drug dealers, mental patients, terrorists. The worst of every country is coming into our country now. They're coming from the Congo, Yemen, Somalia, Syria, all over the world. They're coming. They're country changing, country threatening and their country wrecking. They're destroying our country. They're destroying. You know, we can drill and we can get the oil going. But this is a tough one. We're going to end up with the largest deportation in American history. We have no choice. Have no choice. Right. Have no choice.",tiktok,2024-04-10 03:14:49+00:00,1,1,original_stratified,Qwen/Qwen3-14B,qwen3_14b,1,True,1,
2216482,5,scapegoating,🚨 ‘Kamala Harris wants freedom for illegal aliens.’ ##trump2024##donaldtrump##trump##maga##kamala##kamalaharris##2024##election##usa##harris:  We choose freedom. We choose freedom. Abolish ICE. Is that a position that you agree with? We need to probably think about starting from scratch. I am in favor of saying that we're not going to treat people who are undocumented across the border as criminals. Twelve-year-old Jocelyn Ngari's body found lying in the shallow waters of a Houston-area creek. The two suspects are Venezuelan nationals that ICE says entered the United States illegally. Gut-wrenching new details in the murder of Georgia nursing student Lakin Riley. The illegal immigrant suspect who cops say committed the heinous murder who crossed the unsecured southern border back in 2022. We choose freedom.,tiktok,2024-08-07 14:34:52+00:00,1,1,positive_enrichment_round2,Qwen/Qwen3-14B,qwen3_14b,1,True,1,
2692,8,scapegoating,"Had to get it off my chest. By the way years ago when Trump won the first election I've not been wrong about what they plan yet. :  Hey, y'all. I'm going to get back to the stories and the lightheartedness, but I've got a couple things I've got to get off my chest that people flood the Internet with, and I've been on the Internet quite a bit. But if this was to go anywhere and if people started following, I want people to know the truth. And right now it's just hard. It's hard for people to find the right information. It's why they hate TikTok. They're wanting to ban TikTok not because it's for our safety. It's because information travels too fast through TikTok because it travels and goes to Facebook, and we share it, and it travels on me and see it before they can get it shut down. There's no way that Facebook and Instagram is better for the American people than TikTok. They say it's China-owned. I think China owns a percentage. I'm not sure of the whole history, but I just am telling you anything the government does, it's the opposite. It's not for us. But my perspective as a Christian, and I've got some discernment. From the beginning, when Donald Trump won in 2016, he wasn't supposed to win. It was rigged back then, but they couldn't overcome, they didn't anticipate the amount of votes to come in, and it freaked them out. That's why you've seen so much craziness for the next four years and even the virus that the Democrats spread. Yeah, they created, Fauci and them created that virus over here. You can look into it. Protein spikes, they made it so that it wasn't even supposed to be able to get it. They made it so that it could, and spent money on it, and it was all intentional, all leaked. That's why Pelosi and him was mad because Donald Trump was shutting everything down before they could even get it spread. He started setting down flights to China and everything. They called him racist, and they was telling people to come on out. Then about two weeks later, they were saying he wasn't doing enough. That was intentional. The 2020 election was stolen. They're desperate. But you've got the transgenders. There's all that stuff that you're seeing. It's not as big as you think it is. It's only big because of the media. They're making it big. They're using all of that to make us fight with each other. I'm not sure what's going to happen. All I can always say is prepare for the worst and hope for the best. Yes, bug out bags. Yes, food. Yes. Pew, pew. Peels. Freedom peels. Whatever you want to call them. All of that, yes. But from the beginning, I see Donald Trump as they've spent millions to try to put this man in jail. They've spent millions and the best. They've made up stuff. They used the DOJ and the FBI. They've used the world's best to try to put him in jail. They've used the world's best to try to put him in jail. They've used the world's best to try to put him in jail. Can you imagine not being able to get him in jail with all of that backing? It shows me God's hands on him. It shows me that God... He's not perfect. It wasn't any of them perfect. David killed his best friend so he could be with his wife. If you look at the disciples, he didn't pick perfect people. He never has picked perfect people. Sorry about all that. That's my security camera going off. He never has picked perfect people. But what I'm here to say is God's watching this. And I believe that they have bit off more than they can chew. They've got too many irons in the fire. They can't keep it all together. Everything they've done has backfired. Everything that they do brings Trump more popularity. Think about anybody in the world right now. And besides boy bands and stuff. But as far as politicians. And who has the most followings? Who has the strongest following? Millions. Way more than what they're letting you know. The whole country's behind him. Nobody in the whole world's got that kind of following. That would follow him. We've ignored the news. We've ignored all the media. With the bombardment. With everything that they've done. A worldwide blitz. On convincing us. On lying to us. And everything else. It has fallen apart. People say, well, God. You know, we turn our back on God. I'm telling you, the people in this country have prayed. I feel like it's the opposite. I think we're the last stand. We're the last ones that have not turned their back on God. The Christian group. I'm not talking about the ones, the politicians and all of those people. But as far as the Christians in this country. I'm hoping and I feel like that you're getting ready to see some really good things happen. But before that happens, who knows what might happen as far as what the panic that may ensue. I don't know how that plays out. You know, I feel like I know that God's in control. That God's wins. And I'm telling the globalists right now. You have bitten off way more than you can chew. You will never. You will never. You will never. You will never take over any of our states. You'll never take over West Virginia. You'll never take over Virginia, Kentucky, Ohio, Pennsylvania. You'll never do it. It'll never happen. You can see in that. Because you've had them boys over in the Middle East give you a fit. With all your military equipment. And what do they got? AKs and pitchforks? You're never. I'm telling you right now. You bit off way more than you chew. And then that little stunt. That little stunt that you pulled Easter. Where you made fun of God's son. And talked about. Made fun of him at one of the worst times ever. That he died on the cross in the most brutal death. For our sins. For us. And y'all gonna make fun of it? And mock it? Yeah, you bit off way more than you can chew. Satan. Fauci. Bill Gates. Obama. Pelosi. Schumer. All of you. Schwab. Schwimmer. Whoever he was. The WHO. The FBI. The DOJ. Higher ups. All of y'all. Y'all bit off more than you can chew. So far behind. It's gonna come around. There's gonna be time. I don't know if it's second coming that's happening. But it's about. It's gonna be time. Just as it's coming. Y'all bringing the hammer down. So. Try to enjoy. Try not to get wrapped up in this so much. Try to be good to the people around you. Still be a witness. Talk about God. Get people to think about God. Direct people to God. And live life. Try to shelter these kids so they can have somewhat of a life. They ain't gotta see all this craziness. Try to give them. You know that. Care free life we had in the 80s. Try to give them some of that. You know. Try to protect it as much as we can. But it's at our doorstep. And they've done poked and poked and poked. Until they've done woke up the bear. And it's not gonna go. It's not gonna go well for them. So. Pray for Donald Trump every day. Do that. That's gonna be our. To be honest. The best thing that you can do for this country. Is pray every day. For the country. And. Because we're fighting a spiritual battle. Yeah. There's still doubters out there. That Donald Trump's this and that. They've been fed the Kool-Aid. You know. So they can't shake it. They've got. Trump derangement syndrome. They just cannot shake. That this man could do this stuff. You know. That he could be a good guy. And good for the country. Is he somebody I'd hang out with? Probably not. Probably get on my nerves. But he's the best. At what he does. He's the best man for this job. So. I'm just getting that off my chest. I felt a shift. Christmas. I mean Christmas. Lord have mercy. Easter. When they jabbed. God with that little. Mocking thing. And the transgender. I felt a shift. It's been dark for. For a long. For a few years now. Blanket. You know. You could feel it. Something wasn't right in the atmosphere. But I felt a shift. And. I'm looking forward to it. I'm looking forward to seeing what happens. Because I'm sick of this right here. Whatever this feeling is. I think a lot of you know what it is. But you feel it. Something ain't right. It ain't what it used to be. Something's loose. You know. So. Anyway. Hey. It's a good time to get right with God. If you got any questions. Give me a shout. Talk to y'all later.",tiktok,2024-04-03 00:06:09+00:00,1,0,positive_enrichment_round2,Qwen/Qwen3-14B,qwen3_14b,1,True,1,
3670644,8,scapegoating,"#hurricanehelene #hurricanes #georgia #tennessee #florida #northcarolina #southcarolina #ohio #virginia #people #trump #trump2024🇺🇸 #kamala #harris #cops #copsoftiktok #police #policeoftiktok #maga #fafo #republicans #republicsnsoftiktok #liberals #liberalsoftiktok #democrat #democrats #usa_tiktok #usa🇺🇸 #tiktoker #tiktokers #viralvideo #viralvideos #trending #fy #fyp #fypシ #for #foryoupageofficiall #foryoupage❤️❤️ :  Well, I've heard that recently I've been on the For You page. No, uh-uh. Nope. Let me get one of these. I'm going to clean my screen off here. He's the great value kind because we broke over here from your policies, so I couldn't afford the regular Lysol one. Where you been for four years? Anybody seen you for four years until you pop up as the new candidate for presidency because y'all forced Joe Biden out of there, and you might have been the only selection that's worse than him? Would y'all just stop it? Y'all dressing her up in pictures as Wonder Woman and Superwoman or whatever it is. Like, she's done anything. Okay, stop the games. Like, a week ago, y'all were like, Joe Biden's the best. He's the only one for the presidency. He is our candidate. And then these mind games get played with y'all because they knew he couldn't beat Trump, so then they bring in her, and everybody's like, yes! Yes! Lester Holt even asked you. He said, y'all haven't been to the border. You said, we've been to the border. He said, you haven't been to the border. He said, well, I haven't been to Europe either. We're not talking about Europe. We're talking about the border where illegal immigrants are coming over as we speak in your own country that you ain't even been to. Where have you been? Stop acting like you for the people, for black people, yeah, and all this stuff. Like, you've locked up more black people than we can count when you were district attorney and attorney general in California. Stop playing with us, okay? You're the descendant. Your great-grandfather is Hamilton Brown out of Jamaica, which was one of the biggest slave owners in Jamaica. And had to be paid to release the slaves. Stop playing with us. Get out of here, Trump 2024.",tiktok,2024-10-04 13:41:11+00:00,1,0,positive_enrichment_round2,Qwen/Qwen3-14B,qwen3_14b,1,True,1,
3514601,0,scapegoating,"What I want to tell people like this, to include Elon and others who proudly voted for commies like Obama, corrupt crooks like the Clintons, and wild imbeciles like Joe Biden, is that voters like you are responsible for the mess the USA is in.",twitter,2024-09-27 20:11:26+00:00,1,1,original_stratified,Qwen/Qwen3-14B,qwen3_14b,1,True,1,
198498,2,scapegoating,"My opening commentary on last nights TV show, The Root Reaction about The GREAT REPLACEMENT and how Democrats are using illegal aliens to steal elections and our country! WATCH HERE (about 10 min long):",truth_social,,1,1,positive_enrichment_round2,Qwen/Qwen3-14B,qwen3_14b,1,True,1,
960001,0,scapegoating,Have you seen Ashley Biden’s diary with your own eyes? Have you seen the massive increase in murders done by illegal aliens in America? Did you see our pullout in Afghanistan? Where the F have you been? Naive cultist. FJB,twitter,2024-06-19 20:20:34+00:00,1,0,original_stratified,Qwen/Qwen3-14B,qwen3_14b,0,True,0,
356037,0,scapegoating,Biden is merely the scapegoat,twitter,2024-05-11 17:39:42+00:00,0,0,positive_enrichment_round2,Qwen/Qwen3-14B,qwen3_14b,0,True,0,
3483715,1,scapegoating,only spoke out because Biden wouldnt give him any federal money. He used NYC taxpayer money instead of kicking the illegal invaders out.,twitter,2024-09-26 16:18:11+00:00,1,0,original_stratified,Qwen/Qwen3-14B,qwen3_14b,1,True,1,
234884,0,scapegoating,trump brings back slzvery since the unemployment rates are dropping tremendously.. #fyp #politics #satire #fake #xybca #trump #donaldtrump #meme #funny :  We will be bringing back slavery since the employment rate is dropping tremendously. We are losing money from unemployment and have to put the monkeys back in their cages.,tiktok,2024-05-05 23:55:43+00:00,1,0,positive_enrichment_round2,Qwen/Qwen3-14B,qwen3_14b,1,True,1,
3918111,0,scapegoating,Biden/Harris are responsible for the deaths of Americans on US soil at the hands of their illegal immigrant invasion. Harris is saying she will push for mass amnesty. Biden/Harris and everyone involved should be jailed for murder. This bright light was murdered by them!,twitter,2024-10-24 09:06:46+00:00,1,1,original_stratified,Qwen/Qwen3-14B,qwen3_14b,1,True,1,
3370396,8,scapegoating,VP Kamala Harris Shouldn’t Have To Prove Her Blackness—Janet Jackson’s Recent Comments Show Why,twitter,2024-09-23 19:32:50+00:00,0,0,original_stratified,Qwen/Qwen3-14B,qwen3_14b,0,True,0,
1809228,0,scapegoating,So Trump just really doubled down on immigrants taking Black and Hispanic jobs…. Can any Republican or MAGA person explain to me what Black and Hispanic jobs immigrants are taking away?,twitter,2024-07-19 03:17:35+00:00,1,1,positive_enrichment_round2,Qwen/Qwen3-14B,qwen3_14b,0,True,0,
2181966,7,scapegoating,"Liberal vs Liberal: Don Lemon and April Ryan having a debate several years ago about Kamala's race.  Lol! #kamala #2024election :  I agree with that, but is she African-American? No, no, no, no, no, no. But is she African-American? There's a difference. There's nothing wrong with that. No one is trying to take anything away from her. Let's go down into her lineage. I think you're falling into a trap for that. All she had to do was say, I am black, but I'm not African-American. That's it. I'm not falling into a trap. I'm not falling into a trap. Let me finish. Hold on. I'm not falling into a trap by that. When she goes down her lineage, many Africans landed in Jamaica and all these other Caribbean islands. So she could indeed be African-American mixed with others. Jamaica is not America. But she is a black woman. Jamaica did not come out of Jim Crow. I'm just saying. Let's go into Ted Cruz. Ted Cruz was born in Canada. I'm not talking about Ted Cruz. His father was Cuban. This is not about Ted Cruz. You're changing the subject. I know, but you know what? We cannot. It was hypocrisy. I'm not changing the subject. Yes, you are changing the subject. She's a black woman. I don't know what you want. Ted Cruz. Okay.",tiktok,2024-08-04 06:10:23+00:00,0,0,original_stratified,Qwen/Qwen3-14B,qwen3_14b,0,True,0,
510785,7,scapegoating,"This government has caused a mass mental illness but I think people are starting to wake up.... #government #corruption #shadygovernment #politicians #Trump #Trump2024 #IStandWithTrump #maga #biden #hunter :  So, people started to wake up yet? Have they noticed that this is all a big movie? Have you noticed all the hypocrisy? Have you noticed the fact that if this was anybody else, everybody would have been up in arms about his rights being violated? But they've brainwashed you to the point that you think it is okay to treat somebody who is a citizen and a human being just like yourself in this manner. They have brainwashed you to hate somebody you don't even know. It's crazy. It really is. And I'm sorry. I am so sorry that our government caused a crazy mental illness to spread throughout our country. And that's exactly what happened. But I do think people are starting to wake up. I really do. I have faith that people are going to see the corruption that Joe Biden and his son is doing. Have you seen what's happening now with his son? All of it was true. God, that would have been somebody I would have ran the streets with and done the same shit with. But I'm not using the United States to leverage money from other countries. I'm not using people like that. It's crazy that you guys think that this guy is the enemy. But the people that are in charge are the ones causing all these problems. And again, I know he's not going to change everything overnight. Hell, he barely even has any power when he is president. Because of how corrupt our government is. We need to take it back. We all have phones. We all have social security numbers. We could all vote on very important topics that we should be voting on. Not one single person. But again, you'd rather keep up this charade that's going for the last 50 years of a government that's doing nothing but using its people. And finally, somebody stepped up to step in to show what was happening and this is how you treat them? I'm telling you, man. You guys are brainwashed. I really feel sorry for you.",tiktok,2024-05-22 20:42:03+00:00,1,1,positive_enrichment_round2,Qwen/Qwen3-14B,qwen3_14b,1,True,1,
3868868,0,scapegoating,East Cobb County here and the lines were blocks long. Trump2024!,twitter,2024-10-16 03:40:00+00:00,0,0,original_stratified,Qwen/Qwen3-14B,qwen3_14b,0,True,0,
1086398,0,scapegoating,Felt like a skit from The Office. #donaldtrump #joebiden #presidentialdebates #presidentbiden #presidenttrump #election #election2024 #racist #theoffice :  When Trump Said Immigrants Are Taking Away Black Jobs.,tiktok,2024-06-29 00:06:05+00:00,1,0,positive_enrichment_round2,Qwen/Qwen3-14B,qwen3_14b,0,True,0,
3924871,0,scapegoating,"Hannity: Democrats, they have failed Americans.Their policies have caused backbreaking inflation, rising crime, a housing crisis.an illegal immigration crisis. It has created one of the biggest national security threats in the history of our country.",truth_social,,1,1,positive_enrichment_round2,Qwen/Qwen3-14B,qwen3_14b,1,True,1,
237812,0,scapegoating,"Hear a Columbia Protest Organizer: JEWS TO BLAME Meet Luna, a cop watcher for Within our Lifetime (WOL) at the Columbia campus protests - and Columbia University criminal justice graduate - who told our undercover journalist Zionist Jews are to blame for 9/11 and the staged Oct. 7 Hamas attacks.“[Zionist Jews] are responsible for 9/11.“In my dream, I would see Ilhan Omar” … [as U.S.",truth_social,,1,1,original_stratified,Qwen/Qwen3-14B,qwen3_14b,1,True,1,
2138172,0,scapegoating,Senators knock Secret Service for making local cops scapegoat for Trump assassination attempt,truth_social,,1,0,positive_enrichment_round2,Qwen/Qwen3-14B,qwen3_14b,1,True,1,
3843098,0,scapegoating,Kamala Harris should be IMPEACHED for laundering FEMA funds to illegal immigrants instead of using it to help the American people.,twitter,2024-10-13 18:25:44+00:00,1,0,original_stratified,Qwen/Qwen3-14B,qwen3_14b,1,True,1,
1002916,1,scapegoating,Biden has blood on his hands of all the US citizens attacked by illegal aliens!,twitter,2024-06-21 17:09:16+00:00,1,0,original_stratified,Qwen/Qwen3-14B,qwen3_14b,1,True,1,
2372821,2,scapegoating,"Alawada dede! Awọ̀lú má tẹ, ìwọ̀n ara ẹ̀ lo mọ̀n! Action speaks louder than words, and if we go by how the Ibos have acted in Lagos and other parts of Yoruba land over a long period, apart from the mad politics, the crimes Ibos do here are unbearable in our society, it",twitter,2024-08-12 23:45:43+00:00,1,1,positive_enrichment_round2,Qwen/Qwen3-14B,qwen3_14b,1,True,1,
1828996,0,scapegoating,"This is called setting up in advance a scapegoat for nominating a horrible candidate in Biden, and excusing Biden/Democrats arrogance.",twitter,2024-07-19 16:12:50+00:00,0,0,original_stratified,Qwen/Qwen3-14B,qwen3_14b,0,True,0,
363154,0,scapegoating,"This Quinnipiac poll factors in mass illegal ballot harvesting and illegal alien manipulation voting by Biden. In other words, Quinnipiac is sorta tattling on itself here while ALL other polls show trump winning. Talk about false start in a race before the gun goes off.",twitter,2024-05-11 23:11:41+00:00,1,0,original_stratified,Qwen/Qwen3-14B,qwen3_14b,0,True,0,
2418781,1,scapegoating,Welfare recipients invaded our country because of the Biden/Harris Administration.,twitter,2024-08-14 14:53:00+00:00,1,0,positive_enrichment_round2,Qwen/Qwen3-14B,qwen3_14b,1,True,1,
216865,1,scapegoating,So unless you have an evil child killing imaginary friend your life has no purpose? That unless you are a member of the largest group of child abusers churches then your life has no meaning? Christians are the epitome of insanity and evil in the world.,twitter,2024-05-04 14:26:35+00:00,1,1,positive_enrichment_round2,Qwen/Qwen3-14B,qwen3_14b,1,True,1,
1623894,0,scapegoating,"He’s going to the funeral, trumps called all the families of the women who have been raped and murdered by Biden’s illegals! BIDEN NEVER DID. LETS GO MAGA CAN GO ALL NIGHT TIT FOR TAT MOFO.",twitter,2024-07-16 02:10:10+00:00,1,0,original_stratified,Qwen/Qwen3-14B,qwen3_14b,1,True,1,
2004336,9,scapegoating,"#fyp #maga #draintheswamp #defundthemedia #conservative #trump2024 #michigan #republican #christian #trumpsupporters #trumptrain2024 :  So I can't be the only one that's noticed this, right? I mean, seriously, am I the only one that's noticed this? Seriously? All right, when it comes to the stepping down of Joe Biden, you all realize you didn't win anything, right? Like, you do realize nothing has changed. You do realize that, right? Is it just me, or is it just us conservatives that have noticed this? I hope you understand that you haven't won anything. It's the same failed group and policies that have been in office. It's the same corrupt individuals that have been in office the past whatever years. It's the same crazy-ass people that vote for you, running around pretending to be trees or bubble gum or whatever the hell they are nowadays. It's the same group of fanboys, you know the ones I'm talking about, the Harry Sissons. And his little crew, you know, the ones that pretend to be politician people or whatever. I honestly don't know what they're supposed to be. You know, the ones that get paid for talking hundreds of thousands of dollars, you know, the ones I'm talking about, yeah. Like, really? It's kind of ridiculous. Like, it's the same crap. Like, your agenda is still the same. Like, all you got is either gay rights or abortion. That's your whole agenda. Like, there's nothing else. Like, nothing has changed. Am I the only one that sees this? I mean, really? The only difference that has come from Joe Biden stepping down is the fact you no longer have your puppet to play the strings with. He's gone. So now people are going to see the frauds and the liars that you are because we're going to finally see that you are the ones who were behind everything, not him. Yeah. We're going to see all your ridiculousness, and you can't use him as a scapegoat anymore. Like, really? I've never seen a group jump from one candidate to another so damn quickly as well. I've never seen such loyal fans jump from Joe Biden. Oh, we're going to go to Harris now. Really? That's... Like, seriously? Nothing has changed. Like, you are the exact same group of people. You are still the angry side. It's very clear that you're not the compassionate side. After you've seen the videos, we've seen, well, let's just say you're the same idiots that wanted Trump to be assassinated. Like, really? Like, wow. It's the same despicable crew. It's just... It's amazing to me. You think you won something. It's like you're partying, and we're going to win. No. It's the same people. You're still destroying this country. You're still behind some of the worst things in this country. Done nothing to fix it. You're still blaming Trump. You're still blaming Trump for everything. Again, am I... Is it just us conservatives that see this? Like, I mean, I get it. You have your little fanboys, like Harry Sissons and his crew going out there and doing their ridiculous videos, which are hilarious, by the way, because he's an idiot. His videos are nonsense. Like, oh my gosh, it's hilarious. But yeah, I mean, seriously, it's like, wow. Are you serious with all this? Like, the videos, went from you crying and screaming because Joe Biden, you know, stepped down, and now you're all, Harris is in, we're going to win. Yeah. Again, it's the same group of people. Nothing has changed. Same policies. It's, wow. Like, my head hurts just thinking about it. Like, we're screwed if they win, let's just be honest. This crew is going to just... destroy us, probably put us in a bunch of wars, probably bankrupt this company, and pretty much take everybody out of their homes because they're idiots, because they have power and abuse it on every level. It's amazing how much crap that we see that they get away with. Like, the amount of hatred in this country has never been higher since the Democrats took over. And it's just like, oh, that's normal, that's fine. Why is that okay, exactly? Oh, it's because conservatives, religious people can be attacked. If you're Jewish, you can be attacked. We're against racism, though. But yet we see your candidates acting like fools and being the racist ones half the time. You, you know, claim Trump to be a woman hater, but yet he has the most women ever in his time or in any of his companies. But we conservatives and Trump supporters and this and that, we're the evil ones, which is interesting. But yeah, my brain hurts just thinking about all this. But yeah, wow. Again, I think it's just us conservatives that see it, that you haven't changed anything. Yeah, it's a little bit ridiculous. But anyway, we'll see what happens. Yeah, wow.",tiktok,2024-07-23 23:51:13+00:00,1,1,positive_enrichment_round2,Qwen/Qwen3-14B,qwen3_14b,1,True,1,
778673,5,scapegoating,These disgusting unethical criminal DemonRats have the audacity to talk about ethics and term limits. they don’t even hide their blatant hypocrisy or corruption to transform OUR COUNTRY into a one party rule under communism. these pedophile child traffickers,twitter,2024-06-13 11:59:39+00:00,1,1,positive_enrichment_round2,Qwen/Qwen3-14B,qwen3_14b,1,True,1,
931675,0,scapegoating,Biden replacing the black population of this country with illegal immigrants that murder rape and perform horrific acts against innocent Americans. God help us!,twitter,2024-06-18 20:47:48+00:00,1,1,positive_enrichment_round2,Qwen/Qwen3-14B,qwen3_14b,1,True,1,
2837719,2,scapegoating,"On Labor Day, we can thank the millions of illegal immigrants :gangs, murderers ,rapists ,cartels that you and Biden have let into the country to destroy America.",twitter,2024-09-03 21:18:50+00:00,1,1,positive_enrichment_round2,Qwen/Qwen3-14B,qwen3_14b,1,True,1,
3948868,1,scapegoating,"Its October 30th, 2024 &amp; is still the WORST Prime Minister in Canadian history. Inflation was brought under control by flooding the labour market with immigrants thereby reducing the real wages of Cdn workers. BofC",twitter,2024-10-30 20:35:18+00:00,1,1,positive_enrichment_round2,Qwen/Qwen3-14B,qwen3_14b,1,True,1,
2680149,5,scapegoating,"#duet with @🎗️knowhistoryorrepeatit🎗️ #maga #funny #kamala #democrat #republican #biden #trump2024 #blue :  Just a little bit of this and a little bit of that. Have you ever thought to yourself, I wish my small town could be more like the urban slums of California? Why can't there be more trash and feces on the streets of this sleepy little town? Well, we've got the solution. Dipshizzy. By voting to install Dipshizzy, you can help every small town in America become more like the dumpster fire that are the cities of California. Dipshizzy won't just destroy small towns either. It works wonders in the countryside too. By pushing socialist economic policies, Dipshizzy can rapidly create inflation, making everything more expensive. Ask yourself if Dipshizzy is right for you and your community. Because why settle for the good life when you can have a California dumpster fire? Dipshizzy is not intended to treat, prevent, or cure any disease. In fact, Dipshizzy will probably make your life much worse. Side effects of Dipshizzy, include overdrawn bank accounts, illegal immigration, and communist-style government. Consult with your father before starting Dipshizzy. Do not start Dipshizzy if you enjoy the first or second amendment. If you're a dude who likes to wear thongs, Dipshizzy may be right for you.",tiktok,2024-08-25 01:15:50+00:00,1,0,positive_enrichment_round2,Qwen/Qwen3-14B,qwen3_14b,1,True,1,
397880,4,scapegoating,"Congratulations you rediscovered the map of blacks in America. You can also find the same map searching: Homicide rates, IQ, welfare rates, single motherhood, etc. Now with blacks creating all those problems, do you still wonder why people don’t want to live around them?",twitter,2024-05-14 00:45:23+00:00,1,1,original_stratified,Qwen/Qwen3-14B,qwen3_14b,1,True,1,
2539423,0,scapegoating,"Patriotic Americans are going to KEEP America great because we know our best days remain ahead of us and not 50, 60, 70, or 150 years ago!",twitter,2024-08-18 17:40:35+00:00,0,0,original_stratified,Qwen/Qwen3-14B,qwen3_14b,0,True,0,
200858,2,scapegoating,"If you mean this you should be drummed out of office. The country, our country is in deep trouble. Why are you letting Biden and his million plus work permits to illegals take black opportunity and jobs. Shame on you.",twitter,2024-05-03 19:49:56+00:00,1,1,positive_enrichment_round2,Qwen/Qwen3-14B,qwen3_14b,1,True,1,
3007910,3,scapegoating,"#eating #dogs #cats #trump #migrants #debate #voteblue #kamala :  They're eating the dogs, the people that came in. They're eating the cats. They're eating the pets of the people that live there. And this is what's happening in our country. ABC News did reach out to the city manager there. He told us there had been no credible reports of specific claims of pets being harmed, injured, or abused by individuals within the immigrant community. Well, I've seen people on television. Let me just say here, this is the... People on television say my dog was taken and used for food. Thank you.",tiktok,2024-09-11 17:40:54+00:00,1,0,positive_enrichment_round2,Qwen/Qwen3-14B,qwen3_14b,0,True,0,
3980933,6,scapegoating,Legacy Media Indict Themselves When They Blame The ‘Right-Wing Media Ecosystem’,truth_social,,1,0,positive_enrichment_round2,Qwen/Qwen3-14B,qwen3_14b,0,True,0,
707184,1,scapegoating,Um - can we discuss destruction of CA ? Or SanFran LA Oakland Seattle Portland Chicago Detroit DC NYC StLouis New Orleans for starters? Decades of Democratic control - and all turned into shitholes Democrats destroy cities states and countries,twitter,2024-06-11 00:56:40+00:00,1,1,positive_enrichment_round2,Qwen/Qwen3-14B,qwen3_14b,1,True,1,
2393856,0,scapegoating,"When you imported black people, illegals, and drug addicts what did you think the outcome would be, world peace?",twitter,2024-08-13 17:25:34+00:00,1,1,positive_enrichment_round2,Qwen/Qwen3-14B,qwen3_14b,1,True,1,
998382,0,scapegoating,"ASK | • Make no mistake. While Joe Biden may not be a literal monster, his diabolical plan to flood our country with illegal voters has unleashed a HORDE OF MONSTERS of foreign prisoners, human/drug traffickers, gang members, and cartels running amok!",twitter,2024-06-21 14:03:27+00:00,1,1,positive_enrichment_round2,Qwen/Qwen3-14B,qwen3_14b,1,True,1,
3841580,0,scapegoating,Were you better off 4 years ago. Millions of illegals hurting the economy of big cities because of Biden and Harris. New York took money away from police to pay to take care of illegals and where do you think that money comes from. The taxpayers. Maybe you should read the news.,twitter,2024-10-13 11:42:20+00:00,1,1,positive_enrichment_round2,Qwen/Qwen3-14B,qwen3_14b,1,True,1,
3648146,1,scapegoating,"FEMA BROKE, THEY gave 640 million to illegal immigrants. Sorry Hurricane Helene survivors,  maybe tell FEMA your undocumented. This is all Biden & Kamala's fault. #kamala #kamalaharris #kamalaharris2024 #RFK #rfkjr #tulsigabbard #gabbard #Walz #timwalz #Kennedy #robertkennedyjr #kamalaharrisforpresident2024 #fyp #foryou #foryoupage #foryourpage #EndWar #ProudPandas #ProudPandasGroup #xyzbca #xyzbcafyp #trump #trump2024 #trumptrain #viral #viralvideo #viralvideotiktok #explorepage #explore #viralpost #trendingsong #biden #joebiden #donaldtrump #biden2024 #republican #democrat #fyp #foryou #foryoupage #foryourpage #ProudPandas #ProudPandasGroup #UrbieThePatronSaintOfOz #xyzbca #xyzbcafyp #cutepet #trend #trending #fyf  #trendingvideo #trendingsong #funnyvideos #funnyvideo #funnypet #funny #tiktokusa #tiktokindia #tiktok_india #tiktokbrazil #tiktokbangladesh #tiktokhk #tiktokhongkong #tiktokphilippines #tiktokchile #tiktokflorida #tiktoklatino #tiktokamerica #tiktokuk #tiktokhungary #tiktokromania #tiktokcanada #toktokgermany #tiktokitalia #tiktokespaña #tiktok #❤️ #❤️❤️ #❤️❤️❤️ #viral #viralvideo #viralvideotiktok #explorepage#explorepage #explore #viralpost #trendingsong #trendingsongtiktok #tiktokjp #tiktokjapan #tiktokjp🇯🇵tiktokph🇵🇭 #tiktokkorea #tiktokkorean #tiktokvietnam #tiktokvn #tiktokau #tiktokaustralia #tiktoknz #tiktoknewzealand #tiktokukrain #tiktokpoland #tiktokireland #tiktokscotland #tiktokwales #tiktokportugal #tiktoksweden #tiktoknorway #tiktokfinland #tiktokromania #tiktokczech #tiktokslovakia #tiktokargentina #tiktokchile #tiktokbolivia #tiktokbrazil #tiktokvenezuela #tiktokparaguay #tiktokmexico #tiktokhonduras #tiktokcostarica #tiktoksouthafrica #tiktokisrael #tiktokcuba #tiktokegypt #tiktoksaudiarabia #tiktokdubai #tiktokiraq #tiktokkenya #tiktokalbania #tiktokcroatia #tiktokhonduras #tiktoknicaragua #tiktoknewyork #tiktoknorthdakota #tiktoksouthdakota #tiktoktexas #tiktokflorida #tiktokgeorgia #tiktokwashington #tiktokcalifornia #tiktokmanitoba #tiktokbritishcolumbia #tiktokontario #Google #yahoo #trump #trump2024 #trumptrain #viral #viralvideo #viralvideotiktok #explorepage #explore #viralpost #donaldtrump #donaldjtrump #biden #joebiden #biden2024 #hurricane #hurricanehelene #FEMA #NEWS #UrbieThePatronSaintOfOz @🦁mommaDee.03🤠💜🐢 @WETHEWOLFPACK @ABC World News Tonight @CNN news @President Donald J Trump @🎀S𝓃𝓊𝑔𝑔𝓁𝑒 𝐵𝓊𝓃𝓃𝓎🎀👑 @💜🐺Oceanjewel🐺💜 @Cory G :  Oh yeah, oh yeah, oh yeah, the moon, beautiful",tiktok,2024-10-03 12:35:04+00:00,1,0,original_stratified,Qwen/Qwen3-14B,qwen3_14b,1,True,1,
54409,0,scapegoating,#duet with @SanWon Delight’s #what #traitortrump #magacult #republicangopiscorrupt #domesticterrorists #rfkjuniorisatraitor #voteblue :  my question is why are you caping for the same people who don't even like you you a whole ass man of color and Mexican is not a race it's not a race but it is part of a nationality but you are a Hispanic man woman whoever you might be but let's get something clear um you came in for the people who hop skip jumped over the pond water to a country brought 15 different diseases you wonder why a lot of people disappeared or died all of a sudden or people believe that they left after these YT people showed up no no no they died because not only do these people have physical like wipe their boo-boo with their hands and and touch their clothes there's a reason why the native people they brought flowers for them because the stank was big the stank was harsh it was dangerous they also sexually passed that on which killed a lot of women within the native population the graping was real let's also remind you that these same people you were caping for hmm ate black brown and indigenous people for a delicacy and you're gonna say oh no it was a long time ago can't you let it go it's still happening slavery is happening still today the 13th amendment allows them to take people who look like me and you and put them in prison still free labor just like they did when you stated this they freed us my ancestors were also one of these people who freed us black people fought for the north there were black people in the south who were also fighting because the south promised them we'll set you free if you fight for me just like the north told black folks and maybe we'll find some brown brothers and sisters maybe some native brothers and sisters on both sides but we all still got lied to if you fight for me you will be free so please miss me with the bullshit you really need to do some freaking reading because the the oldest group of people who were still enslaved till 1962 1962 they still found people chained and held captive who were black and white and they were black it shows that you don't know as much as you thought you did but education is key cletus and have a day,tiktok,2024-04-09 21:34:54+00:00,1,0,positive_enrichment_round2,Qwen/Qwen3-14B,qwen3_14b,1,True,1,
3279083,4,threat_construction,"@itsdeaann VS 20 MAGA conservatives #surrounded #jubilee #debate #liberal #maga #deanwithers:  Obama sent $1 billion a year and Biden sent $4 billion a year. I think the whole premise is he's a racist, he's a sexist, takes away from policy positions that we should be discussing. The Biden administration and the Harris administration have failed this nation and they have allowed this invasion of our country.",tiktok,2024-09-21 01:19:54+00:00,1,1,original_stratified,Qwen/Qwen3-14B,qwen3_14b,1,True,1,
3632213,0,threat_construction,"EU and Biden says - go on,kill as many you can!",twitter,2024-10-02 19:30:46+00:00,1,0,original_stratified,Qwen/Qwen3-14B,qwen3_14b,1,True,1,
2384701,0,threat_construction,Stop giving migrant thugs endless chances — deport them or lock them up NOW,twitter,2024-08-13 11:15:14+00:00,1,1,positive_enrichment_round2,Qwen/Qwen3-14B,qwen3_14b,1,True,1,
3128110,0,threat_construction,I don’t give shit about parties or even the current election. I want America to be safe and not be threatened by Russia. Can Biden do it? I fucking hope so for the sake of everyone.,twitter,2024-09-17 16:17:16+00:00,1,0,positive_enrichment_round2,Qwen/Qwen3-14B,qwen3_14b,0,True,0,
306643,0,threat_construction,2/ Todays Scriptures:Go to the Lord when you are being attacked by the enemy.God Can and He Will deliver you. Have a firm focused foundation on the Father.,truth_social,,0,0,original_stratified,Qwen/Qwen3-14B,qwen3_14b,0,True,0,
2458742,0,threat_construction,"This election is simple, it’s Democracy vs. a Trump dictatorship.",twitter,2024-08-15 19:20:22+00:00,1,1,original_stratified,Qwen/Qwen3-14B,qwen3_14b,1,True,1,
3821063,0,threat_construction,"realDonaldTrump is having a rally in Aurora, Colorado where violent Venezuelan gangs like Tren De Aragua have absolutely TERRORIZED the area, as well as other parts of our country.At the rally, Trump is going to announce “Operation Aurora” which will target not only removing all illegal immigrants in Aurora, but all over the country. He will be doing this by invoking the Alien Enemies Act of 1798.",truth_social,,1,1,positive_enrichment_round2,Qwen/Qwen3-14B,qwen3_14b,1,True,1,
3747443,2,threat_construction,"AMERICA! WE BETTER LISTEN TO THESE DOCTORS, THEY ARE WARNING US ABOUT THE MENTAL INSTABILITY OF DONALD TRUMP! THEYRE TELLING THE ENTIRE WORLD HOW DANGEROUS TRUMP IS NOT ONLY TO AMERICA BUT THE ENTIRE WORLD AS A WHOLE!",twitter,2024-10-08 09:04:25+00:00,1,1,original_stratified,Qwen/Qwen3-14B,qwen3_14b,1,True,1,
785793,0,threat_construction,MTG traitor is a huge MAGA threat to ourdemocracy pro Trump/Putin,twitter,2024-06-13 16:40:16+00:00,1,1,positive_enrichment_round2,Qwen/Qwen3-14B,qwen3_14b,1,True,1,
3727011,6,threat_construction,"Apolitically, Donald Trump was anointed by Jesus HIMself to save us, amen. Apolitically!:  Hey y'all, it's me, your favorite down-home folksy apolitical influencer, and I just want to remind y'all that this is a safe space for everybody who is a natural-born United States citizen and don't have confusing pronouns. I love the LGB communities. I love their sassy shows on Bravo. Do stay away from children, though. I don't want them to catch your game. I am apolitical. The closest I've ever gotten to politics is when I did that tour of the United States Capitol building on January 6th. Democrats control the weather. But politics aside, apolitically, don't it make you mad apolitically? Don't it get you fired up apolitically that Joseph Biden's body double is forcing immigrants to go through gender reassignment surgery in prison and then paying billions of dollars so those immigrants can door-dash meals made out of your family's golden retriever apolitically? Don't it make you mad? You're not mad about that? Apolitically? His middle name is Robinette. That's a girl's name. The agenda's right there for all to see. You can't cancel me, woke mob. I'm apolitical. And the reason Kamala don't have children is because she sacrificed them to the devil. I heard it on the news that I don't watch. I don't watch the news. I'm apolitical. I just want to revisit what I said about the LGB community because, frankly, I don't trust those Bs either. Pick a side already.",tiktok,2024-10-07 15:34:33+00:00,1,0,positive_enrichment_round2,Qwen/Qwen3-14B,qwen3_14b,0,True,0,
1247105,0,threat_construction,how dare they threaten a us president! Why do we protect them? Left threatens Donald Trump with ‘assassination’ following debate week via,twitter,2024-07-08 01:35:56+00:00,1,0,positive_enrichment_round2,Qwen/Qwen3-14B,qwen3_14b,1,True,1,
539458,0,threat_construction,Thank you. I’m a US citizen &amp; agree with your post. Beware - your country is infiltrated by the enemy. UK is down the slippery slope of mass immigration.,twitter,2024-05-25 13:30:37+00:00,1,1,original_stratified,Qwen/Qwen3-14B,qwen3_14b,1,True,1,
458821,0,threat_construction,"No, you’re the one who threatens Americans. You even have Congress telling MAGA to die.",twitter,2024-05-18 00:23:25+00:00,1,0,positive_enrichment_round2,Qwen/Qwen3-14B,qwen3_14b,1,True,1,
894550,0,threat_construction,"Buddy, youre high as a kite. Biden has got to go. Hes a disaster!",twitter,2024-06-17 18:42:44+00:00,0,0,original_stratified,Qwen/Qwen3-14B,qwen3_14b,0,True,0,
568692,6,threat_construction,Profecías Nostradamus Biden Cae Ante China CenturiaVIAño2027 Noruega(Corea Sur)Dinamarca(U.S.A)Y La Isla Británica Por Los Unidos Hermanos(Xi Jinping-Kim Jong Un) Serán Vejados El Jefe Romano(Biden) Salido De(China-Corea Norte)Gente GalaYLos Ejércitos(U.S.A)A Los BosquesRepelidos,twitter,2024-05-27 22:19:45+00:00,1,0,original_stratified,Qwen/Qwen3-14B,qwen3_14b,0,True,0,
224294,0,threat_construction,Keep donating losers.,twitter,2024-05-05 01:19:41+00:00,0,0,original_stratified,Qwen/Qwen3-14B,qwen3_14b,0,True,0,
2563242,3,threat_construction,BREAKING Update: President Putin Address to the World — Biden and Harris’s Catastrophic Blunders Push Us to the Brink of War and Global Annihilation - VIDEO,twitter,2024-08-19 16:41:57+00:00,1,1,positive_enrichment_round2,Qwen/Qwen3-14B,qwen3_14b,1,True,1,
2255580,0,threat_construction,Stolen Valor: Tim Walz Falsely Claimed he Carried Weapons in War,truth_social,,0,0,original_stratified,Qwen/Qwen3-14B,qwen3_14b,0,True,0,
3966515,0,threat_construction,Islamist Shooter In Chicago Who Shot Jewish Man on Way to Synagogue Alleged to Be Illegal Muslim Immigrant,truth_social,,1,0,original_stratified,Qwen/Qwen3-14B,qwen3_14b,0,True,0,
378217,4,threat_construction,"“ U.S PLEDGES $300M TO HAITI AND CONTINUED SUPPORTUS Secretary of State Blinken has reportedly committed $300 million to the UN Multinational Security Support mission in Haiti, focusing on enhancing overall stability and airport security.The U.S. will continue to provide robust and multi-faceted support to Haiti as it moves toward a more secure and prosperous future.Source: Counter Intelligence Global”Globalists are looting America before it collapses and calling it “aid”",truth_social,,1,1,original_stratified,Qwen/Qwen3-14B,qwen3_14b,0,True,0,
1700862,0,threat_construction,"If the biden administration would orchestrate an attempt on President Trumps life, that would open the door for everyone with a rifle to retaliate against joe biden and everyone in his administration. This kind of behavior can not happen in a civilized society. Vote for Trump!",twitter,2024-07-17 15:37:40+00:00,1,0,positive_enrichment_round2,Qwen/Qwen3-14B,qwen3_14b,1,True,1,
3608350,0,threat_construction,The z!0nists sinister agenda of global domination does not end with Gaza.,twitter,2024-10-01 19:42:13+00:00,1,1,original_stratified,Qwen/Qwen3-14B,qwen3_14b,1,True,1,
3753994,0,threat_construction,Cast these demons out!,twitter,2024-10-08 17:48:55+00:00,0,0,original_stratified,Qwen/Qwen3-14B,qwen3_14b,1,True,1,
2021526,1,threat_construction,"This is not Kamalas America, this is MAGA terrorists lead by Trump",twitter,2024-07-24 22:02:18+00:00,1,1,positive_enrichment_round2,Qwen/Qwen3-14B,qwen3_14b,1,True,1,
3749280,0,threat_construction,Waste of the Day: San Antonio to Spend $500K on Trees for Apes,truth_social,,0,0,original_stratified,Qwen/Qwen3-14B,qwen3_14b,0,True,0,
1792370,0,threat_construction,"Muslim migrant riot in Leeds, EnglandPolice have retreated due to being overwhelmedPoliticians imported this problem",truth_social,,1,1,original_stratified,Qwen/Qwen3-14B,qwen3_14b,1,True,1,
907567,3,threat_construction,"Trump Throws Out Radical Islamic Terrorists Fast! Biden lets radical Islamic terrorists into our country. Trump gets them out fast! Choose real leadership. 🇺🇸 #Trump2024 #SaveAmerica #NationalSecurity #BidenFail #MAGA #Election2024 #FJB #Trump #AmericaFirst #Conservative:  have a president who lets thousands of radical Islamic terrorists into our country, or you can have a president who throws radical Islamic terrorists the hell out of our country and gets them out fast.",tiktok,2024-06-18 01:09:10+00:00,1,1,original_stratified,Qwen/Qwen3-14B,qwen3_14b,1,True,1,
3298400,7,threat_construction,"Portions of the video have been removed due to TT policies.  Full video can be found on Vox.  For educational and informational purposes only,  not intended for hate or harrassment.  #vote #maga #antiracism #blacktiktok #hispanic #jewish #republican #conservative #foxnews #immigrant #KamalaHarris #HarrisWalz #makeamericagreatagain #trumptrain #womenfortrump #blacksfortrump #latinosfortrump :  and make America great again? Well, to them, that means make America white again. We have a domestic terrorism issue that we hardly talk about because we're so focused on the threat coming from overseas. The imagery of white supremacy has changed over the last three decades as to something that's more mainstream. Suits and ties, fashionable haircuts, and clothes that would never identify them as neo-Nazis until they opened their mouths. And that was a concerted effort because we knew that we were turning more people away that we could eventually have on our side if we just softened the message. These days, with our political climate, we see a lot of coded language or dog whistles, the use of the Star of David when talking about politicians. We used to say that the Jews controlled media. Now they've just massaged the phrase to call it liberal media. And make America great again? Well, to them, that means make America white again. White nationalists, just like any other extremist group, promise paradise. They promise that the problems of crime and the problems of white genocide are going to go away and that you come from a very white, noble cause and that your culture is worth protecting. The problem is nobody's trying to take that away from you. The only problems that they have are the ones that they inflate with propaganda and with fake news. Where they teach you that blacks commit more crimes against white people or that Jews control the media and the finance system. These are all conspiracy theories. There's no basis in truth. And I know this because I helped create those lies from the very beginning. And I helped spread them. And I infected that lie into other people that were innocent. And even 20 years later, after I left the movement, I'm still pulling up the weeds from all those seeds of hate that I planted. Which is why I've dedicated the last 20 years of my life to help eradicate racism. Subtitles by the Amara.org community",tiktok,2024-09-21 17:43:17+00:00,1,1,positive_enrichment_round2,Qwen/Qwen3-14B,qwen3_14b,1,True,1,
3865492,0,threat_construction,The gop is Americas death,twitter,2024-10-15 19:27:25+00:00,1,1,positive_enrichment_round2,Qwen/Qwen3-14B,qwen3_14b,1,True,1,
1185600,0,threat_construction,the corrupt Supreme Court &amp; the terrorists who are trying to destroy our country are counting on President Biden not being willing to do that.,twitter,2024-07-05 19:04:24+00:00,1,1,positive_enrichment_round2,Qwen/Qwen3-14B,qwen3_14b,1,True,1,
493584,0,threat_construction,History recorded you as American traitors.,twitter,2024-05-21 04:36:30+00:00,1,1,original_stratified,Qwen/Qwen3-14B,qwen3_14b,1,True,1,
1243463,0,threat_construction,like… Tr*mp is still trying to run ?? pack it up.  #foryou #imtired #election2020 #boybye #election2024 #project2025 #bidenharris :  I'm really excited to get back and just excited to see this place packed. I'm fucking tired of this shit. Fucking tired of this bullshit. Tired of this shit.,tiktok,2024-07-07 23:38:12+00:00,0,0,original_stratified,Qwen/Qwen3-14B,qwen3_14b,0,True,0,
52707,0,threat_construction,"#duet with @LLWSAnderson #greenscreen #fypシ #trump2024🇺🇸 #blackconservative #election #blackmaga #blacktrumpsupporters #black #blacktiktok :  Don Lemon sat on CNN and told us, the viewing public, right, his black audience and the CNN Democratic audience, that the biggest threat, the biggest terrorist threat to America is the white man. Is it? I guess all the other white men, but not your white man, though, huh? Not your white man that you just walked down the aisle with. I hope you signed a prenup. I find it so interesting that a lot of voices for the people, for the minority, for the black and brown people are mostly black and brown faces. But this is who they lay with at night. And these are the people who they say are the problem. That's what gets me. It's OK. Everybody say you love who you love. You do. You love who you love. Whatever. But you cannot pander to us and make us feel as if these people are the problem. Right. The white man is the problem. When you get in our faces, when you know that that's not really the issue here. I literally just saw.",tiktok,2024-04-09 18:07:18+00:00,1,0,original_stratified,Qwen/Qwen3-14B,qwen3_14b,0,True,0,
742986,0,threat_construction,Illegals! Illegals are the biggest threat to our country at this moment.,twitter,2024-06-12 01:52:34+00:00,1,1,positive_enrichment_round2,Qwen/Qwen3-14B,qwen3_14b,1,True,1,
3946384,0,threat_construction,"Bumbling Kamala Harris is leading us into World War Three. For all of us, please vote for Trump.",twitter,2024-10-30 16:43:32+00:00,1,1,original_stratified,Qwen/Qwen3-14B,qwen3_14b,1,True,1,
353102,0,threat_construction,Im supporting Trump because Biden and his Marxist handlers are an existential threat to our American Constitution,twitter,2024-05-11 15:35:36+00:00,1,1,positive_enrichment_round2,Qwen/Qwen3-14B,qwen3_14b,1,True,1,
1912568,0,threat_construction,"As the 2024 RNC wraps, just remember: MAGA Republicans and their policies arent just dangerous — these people are also INEFFECTIVE leaders (via fightforprogress on Instagram)",twitter,2024-07-21 16:18:00+00:00,1,0,positive_enrichment_round2,Qwen/Qwen3-14B,qwen3_14b,0,True,0,
681685,0,threat_construction,"Joe Biden CLAP YOU STUPID BASTARDS talking to Veterans I mean, you got the first mainstream African American who is articulate and bright and clean and a nice-looking guy, Biden once said of former President Barack Obama. I mean, thats a storybook, man.",twitter,2024-06-10 00:21:50+00:00,0,0,original_stratified,Qwen/Qwen3-14B,qwen3_14b,0,True,0,
2403916,1,threat_construction,"Would the Trump Campaign ReTruth this?President Trump realDonaldTrump sparked The Great Awakening, awakening MILLIONS who would have otherwise remained asleep (including ME).This is a global revolution against the globalists.I created this long ago, but it seems more relevant in 2024.Juice this up, share all over (Facebook, Instagram, Twitter etc…)Leave a like on rumble MAGA WWG1WGA",truth_social,,1,0,positive_enrichment_round2,Qwen/Qwen3-14B,qwen3_14b,0,True,0,
2236784,0,threat_construction,And the Shapiro thing has been admitted by the RNC as their smear campaign that had zero effect.,twitter,2024-08-08 07:45:02+00:00,0,0,original_stratified,Qwen/Qwen3-14B,qwen3_14b,0,True,0,
3938158,0,threat_construction,That is a direct threat of a president of the United States and she should be arrested and mentally evaluated. FBI would be all over this if one of us said that about Kamala or Biden hypocrites heresy.,twitter,2024-10-29 17:53:18+00:00,1,0,positive_enrichment_round2,Qwen/Qwen3-14B,qwen3_14b,1,True,1,
569769,1,threat_construction,Biden orders 101st Airborne into Florida in response to Donut Driver threat to democracy,twitter,2024-05-27 23:28:00+00:00,1,0,original_stratified,Qwen/Qwen3-14B,qwen3_14b,1,True,1,
822550,0,threat_construction,"#duet with @Co Filip #bidenharris :  You ashamed of that bill? Not at all. In fact, I drafted the bill, as you remember. I know. They're the victims of society. The end result is they're about to knock my mother on the head with a lead pipe, shoot my sister, beat up my wife, take on my sons. So I don't want to ask what made them do this. They must take it off the street. These are thousands of them, born out of wedlock, without parents, without supervision, without any structure, without any conscience developing, because they literally, I yield myself three more minutes, because they literally have not been socialized. They literally have not had an opportunity. We should focus on them now. If we don't, they will, or a portion of them will, become the predators 15 years from now. And, Madam President, we have predators. We have predators on our streets.",tiktok,2024-06-14 20:08:04+00:00,1,1,original_stratified,Qwen/Qwen3-14B,qwen3_14b,1,True,1,
567184,0,threat_construction,Vote May 28th. I am proud to have the support of these state legislators who believe I am the tough conservative choice.,twitter,2024-05-27 17:43:12+00:00,0,0,original_stratified,Qwen/Qwen3-14B,qwen3_14b,0,True,0,
848902,0,threat_construction,MAGA training for civil war,twitter,2024-06-15 21:29:09+00:00,1,1,original_stratified,Qwen/Qwen3-14B,qwen3_14b,1,True,1,
3567984,12,threat_construction,"please tell me I'm not f-ing crazy!  #nevervoteblue #aff #afffamily #conspiracy #republican #genx :  Hey y'all, so I needed to hop on here tonight because too many coincidences are happening at once. Way too many for me. So I've been watching TikTok over the last couple days or so, watching the stuff that's unfolding from the Hurricane Helene and all that. And has anybody thought that maybe the government is doing cloud seeding in the eyes of hurricanes just to make them worse than they would have ever been? Because how many people who are from the Midwest have experienced hurricanes? It hit us in Southern Illinois. I mean, nowhere near as bad. Definitely not as bad. It's not as bad as devastated. But still, they're taking out red states. They're picking them off one by one. And if that doesn't seem crazy or coincidental, all of a sudden, all the trucks that are supposed to bring supplies and food and all that to these devastated families, their tires get slashed? Just those trucks? Of every truck? Come on now. To be honest with you, I feel like the government is trying to invoke civil rights. Civil war conditions. They want us to kill each other. They want us to fight. Because now there's all that devastation. They're slashing tires on trucks. They're shutting down all the ports of entry for all of our cargo that comes in. Our oil is the first thing that's going to be stopped within three weeks. This country will be so devastated, it'll be worse than a third world country. And that's what Kamala Harris wants to happen. She doesn't think she can win the presidency. So what they're going to do is invoke civil war times, make it to where Biden doesn't get out of office. Because during war times, the presidency can't be switched over. And then Biden will step down. Comrade Kamala Harris will get into his position. And our fucking world will be destroyed. And by the time we even realize that it's happened, we won't be able to vote our way out of it. I know that I'm ranting and that I sound crazy. But it all just is adding up. It's too coincidental. It's just too much too fast. And they're doing it. And all of this under the table while all they play on the news is about P. Diddy diddling people. I don't care about P. Diddy, to be honest with you. I care about what they're trying to sneak while that's all they're putting on the news. I don't know how y'all people feel. Please tell me I'm not the only one out here thinking that all this shit is too coincidental and crazy. Have a good night.",tiktok,2024-09-29 23:04:28+00:00,1,1,original_stratified,Qwen/Qwen3-14B,qwen3_14b,1,True,1,
1072432,1,threat_construction,Please vote blue. If you vote third party trump wins and project 2025 is gonna be the end of all our ways of life,twitter,2024-06-27 21:13:25+00:00,1,1,positive_enrichment_round2,Qwen/Qwen3-14B,qwen3_14b,1,True,1,
22480,7,threat_construction,"Trump is coddling dangerous conspiracy groups! #conspiracytiktok #conspiracy #trump #MAGA #vote #democrat #republican #voteblue :  Parker police say a far-right conspiracy theorist was planning a kidnapping in Douglas County. Investigators say that she believed her child had been taken by a satanic pedophilia ring of Democrats that is being secretly battled by President Trump. That's the QAnon conspiracy theory. Police say her child had actually been removed by Child Protective Services. Cynthia Abslug was arrested last week up in Montana on a charge of conspiracy to commit kidnapping. Investigators say a fellow QAnon believer, who she called a sniper, had come to live with her and that fellow QAnon members were planning this raid to kidnap the child. Abslug is currently out on bond. Parker police say QAnon extremists have been identified by the FBI as a domestic terrorism threat. These QAnon believers think that President Trump is fighting a secret war against a satanic global child trafficking ring made up of Democratic politicians and Hollywood stars.",tiktok,2024-04-06 01:08:05+00:00,1,1,positive_enrichment_round2,Qwen/Qwen3-14B,qwen3_14b,1,True,1,
810145,1,threat_construction,"Unsere wunderbar naiven Linken. jawohl, Politiker tun immer exakt das, was sie erzählen. Dein Führer Biden sorgt dafür, dass sein Sohn gar nicht in den Knast muss. Dann muss er ihn auch nicht begnadigen.",twitter,2024-06-14 12:10:27+00:00,1,0,positive_enrichment_round2,Qwen/Qwen3-14B,qwen3_14b,0,True,0,
3958792,3,threat_construction,For a year the whole world has been watching the Democratic Party forget every pretence of decency so they can shed the blood of the innocent freely and nobody even can say what this has achieved but making the world rightly hate Israel and the US Party that is a party to it.,twitter,2024-10-31 23:35:11+00:00,1,1,positive_enrichment_round2,Qwen/Qwen3-14B,qwen3_14b,1,True,1,
3445427,2,threat_construction,"HARRIS: mini-me Biden &amp; will keep his “arse-kissing Cabinet” in place. HARRIS BETRAYED AMERICA allowing an INVASION of 20 MILLION (violent gangs, drug cartels, traffickers, rapists of women &amp; CHILDREN, unvaxxed, assaulting &amp; murdering, seizing property-terrorists!)",twitter,2024-09-25 17:41:44+00:00,1,1,positive_enrichment_round2,Qwen/Qwen3-14B,qwen3_14b,1,True,1,
2182526,0,threat_construction,"Part 5: A day in the life of a volunteer for VP Kamala Harris at her first official campaign rally in Atlanta, GA, on 7/30/24. 💙👷🏾‍♀️ #builtonbold #kamalaharris #harrisforpresident #volunteer #democratsoftiktok #vote #votetiktok #voteblue #motivationalvideo #election2024 #vpharris #harriscampaign :  So here's some footage that before anybody got inside except for a handful of volunteers okay the elites I was part of the elites I would like to say that I would like to say that was part of the elites okay they got in exclusive and got in early you can see that you know they were doing like a soundcheck but this is what it looked like Guys they're trying to figure out what's going on that's my VIP and I'm right here hopefully I smell okay I just feel like it's been one of those days I've been outside for hours ready to give up and look at me now okay you know I don't say this I don't say this I feel really blessed I feel really blessed to be here so once I figured out my volunteer section which is a little bit more of a tour of the city and then I was like okay I'm gonna go to the VIP section which I kind of just fell into place but I ended up in a section that was responsible for covering the VIPs and I was like huh you want me to cover the VIPs okay I'm in the VIP section look at God",tiktok,2024-08-04 12:54:35+00:00,0,0,original_stratified,Qwen/Qwen3-14B,qwen3_14b,0,True,0,
3176632,0,threat_construction,"If you vote for Democrats, there will be a food shortage, watch and see. They hate you America!",twitter,2024-09-18 18:15:17+00:00,1,1,positive_enrichment_round2,Qwen/Qwen3-14B,qwen3_14b,1,True,1,
888006,0,threat_construction,Majority of Palestinians Would Rather See Israel Destroyed Than a Two-State Solution,truth_social,,1,1,positive_enrichment_round2,Qwen/Qwen3-14B,qwen3_14b,1,True,1,
1776351,3,threat_construction,"We should all let our president decide if he wants to drop out! But, no matter what, Joe is the best candidate to run and beat the Russian puppet! Biden is old, so the fuck off! Lets vote for whoever is our candidate! Our main objective is to annihilate the Russian caucus and",twitter,2024-07-18 18:00:34+00:00,1,0,original_stratified,Qwen/Qwen3-14B,qwen3_14b,1,True,1,
895273,0,threat_construction,"If Trump is elected, he plans on creating concentration camp in United States of America. How the hell can anybody support a government that obviously wouldn’t be much different than Hitler’s, creating concentration camps, and locking up, or worse millions of people?",twitter,2024-06-17 19:04:09+00:00,1,1,original_stratified,Qwen/Qwen3-14B,qwen3_14b,1,True,1,
3195695,0,threat_construction,The biggest threat to the constitution weve experienced in your entire life is the 2024 GOP nominee. You owe Utahns a more detailed explanation on your sudden change - it makes no sense to ANYONE.,twitter,2024-09-19 01:59:51+00:00,1,0,positive_enrichment_round2,Qwen/Qwen3-14B,qwen3_14b,1,True,1,
3713047,11,threat_construction,"Willie Nelson endorses Kamala Harris #pillowrevolution #peacepipeparty #kamalamenon 10-6-24 1:58 pm:  I just heard Willie Nelson has endorsed Kamala Harris. So thanks, Willie Nelson. You're awesome. Thanks for being American. I was a little bit worried that you'd gone trumper when you made that Border Patrol song. But so great to see you on the American side. And so great that you're going to bring a lot of votes for Kamala. Willie Nelson has a lot of influence. Kind of like Taylor Swift for a different generation and somewhat different genre. Actually, Willie Nelson spans a lot of different genres. I've seen Willie Nelson playing with the Grateful Dead. So love Willie Nelson. Always have. Like I said, a little bit concerned about that Border Patrol song. But great to see you on the side of America and Kamala and against Trump. And this is really great because it's going to bring votes. It's going to help people who otherwise maybe weren't going to vote. Or it'll help influence people and encourage people to vote for Kamala. But even better than that, just like Taylor Swift, what will bring even more votes for Kamala is when the Trump-Putineers attack Willie Nelson as being not American. He's so much more American. And Taylor Swift is so much more American. And every average American is so much more American than Trump-Putineers. But when they attack him, they'll show that they're the ones who have been brainwashed by Putin and Trump into betraying America and everything good that we stand for. And so this is great. Thank you, Willie Nelson, Taylor Swift, every other celebrity. Please, Lady Gaga, everybody, support Kamala soon. And let's win this. Let's save America. Let's save the Earth. Let's save humanity from Trump and Putin and Trump-Putineers. Thanks, Willie. Thanks, everybody. See you soon.",tiktok,2024-10-06 20:01:51+00:00,1,1,original_stratified,Qwen/Qwen3-14B,qwen3_14b,0,True,0,
2358140,0,threat_construction,The mere threat of Project 2025 should make most common sense Americans vote against the GOP in all races on the ballot in 2024.,twitter,2024-08-12 15:05:25+00:00,1,0,positive_enrichment_round2,Qwen/Qwen3-14B,qwen3_14b,0,True,0,
3363509,0,threat_construction,The same infrastructure bill that Biden recently admitted was nothing more than a “green deal” bill? That one?,twitter,2024-09-23 16:01:58+00:00,0,0,original_stratified,Qwen/Qwen3-14B,qwen3_14b,0,True,0,
311945,8,threat_construction,"Replying to @blackstarr80 You're the exact type that be on these social media streets acting a fool. Because you don't want to educate yourself. There are black people that are bigoted against other black people. We call them black. Republicans. These are the black People that believe in Trump there was there are some real sick individuals that hate themselves and their community and black at the glee of yt supremacists.#fredhampton #protectblackwomen #nativewomen #nativetiktok #blacktiktok #malcolmx #blackisbeautiful #revolution #ichoosethebear :  I have to put the scary filter on because the energy is palpable coming off of you. Like literally, I don't even got to look at your picture, but I already see from your picture that you are the type of black man that is problematic. I have one of you that live over me. It's something about you or men like you that just have all of this hostility. You see, you, I could tell, haven't picked up a book, haven't Googled anything. You're just in your negative space, bringing your negativity to my comment section when you could have just took your negative Nancy somewhere else. Because I'm here to educate. Not to promote people like you. I said what I said. And as I said it, I said that it's not always a good thing to talk about the anti-blackness of this world because fool, the world is anti-black. The white man and other ethnic groups that listen to the white colonizers promoted, propaganda to bring our people down because the white wealthiest people of this planet do not want us to lead the planet. It means angry black men like you to be obstinate, to be a problematic person in the way of our freedom. See, we're going to look at some of you angry black men and leave you in the dust. Because this country made sure to mess up some of our freedom. Some of us so bad that you will be destructive to your own people. Just because there is some bigotry coming from the Arab or Muslim communities does not mean it's justifying the genocide that you see. And everything that you see, the white man did it to us. And he can do it again. And that's why you stand up, my brother. I know it's hard for you to love anybody. Besides yourself. I know there's nothing that you can't see. Only thing you see is Prada and Gucci and Balenciaga. And probably Kendrick and Drake. You're thinking about the bottom level shit that they want you to think about. While we up here are thinking about freedom. Black men don't lead shit in this country. You follow behind white men. And then you destroy your own communities. And your women. You talk shit so bad. That you don't realize the world will talk shit about you. And it does. All these past world bros. All they did was awaken the world to not wanting these black men in their country sleeping with their women making black babies. I know that is very hard for your brain to open up and see another vision. But caring about somebody else more than yourself will give you the empathy. And the understanding that one day you may need that help from somebody else. You would want somebody to have humanity and empathy for you. Because it would be crazy if and when America burns. Do you really think anybody will come out helpless? My brother. I don't know what I'm doing.",tiktok,2024-05-09 20:21:28+00:00,1,0,original_stratified,Qwen/Qwen3-14B,qwen3_14b,1,True,1,
164782,0,threat_construction,"Are You Guys Buying, Selling, or Holding Trump😂💀 #fanaticslive #custom #basketball #psa #sports #rookie #bowmanchrome #rookie #cards #baseball #upperdeck #sportscardsforsale #cardcollector #autograph #fanatics:  Bro, what are you looking at? Dude, honestly, I think World War 3 is about to happen. I don't know who to invest in, USA or Russia. You guys tell me. I think these are what we get our ROI. I think this is what we start to invest in.",tiktok,2024-04-27 16:18:32+00:00,1,0,original_stratified,Qwen/Qwen3-14B,qwen3_14b,0,True,0,
2372805,0,threat_construction,"Said reporter could just as well ask if the Biden administration could seize him bodily and throw his ass in the American Gulag, the protections of the Constitution be damned.",twitter,2024-08-12 23:45:22+00:00,1,0,positive_enrichment_round2,Qwen/Qwen3-14B,qwen3_14b,1,True,1,
3281273,2,threat_construction,"And there it is, dude calls gays a slur and thinks hes a good person, &amp; I got him to admit he wants to genocide anyone who is a c¡s christian conservative white supremacist. Safe to bet hes down for the rest of the project 2025 plan to enslave women as property once more too.",twitter,2024-09-21 02:41:05+00:00,1,1,original_stratified,Qwen/Qwen3-14B,qwen3_14b,1,True,1,
962323,0,threat_construction,"President Trump Speech ❤️ 🔥(Highlights) 2024 #Trump #Trump2024 #DonaldTrump:  administration has been non-stop catastrophe. He has been a catastrophe. It's been a non-stop catastrophe, but one of Crooked Joe's most destructive moves yet is the lawless executive action he is taking today. You've been reading in the middle of the largest border invasion in world history. There's never been a border in the world that's like this border that we have, where probably 17, 18 million people by now have entered our country illegally. Joe Biden's forming, granting mass. He's going to formally grant a mass amnesty to millions of illegal aliens that came into our country. And you have people, you have people that have been working for 10 years to try and come in legally, and they just keep working. Under this program, a deluge of... Illegals will be given immediate green cards and put on the fast track to rapid citizenship so they can vote. I think a lot of them are going to vote for me, you want to know the truth. Because if you look at the Hispanic population, if you look at the black population, they're voting for Trump. They're voting for Trump. You, you, look at you. You. Thank you.",tiktok,2024-06-19 21:48:27+00:00,1,0,positive_enrichment_round2,Qwen/Qwen3-14B,qwen3_14b,0,True,0,
2303736,2,threat_construction,"Dude, you on drugs or something? Youre so full of hate for millions of Americans that youre on the side of 2 communists that will end the country. How Christ follower and Conservative.",twitter,2024-08-10 14:59:52+00:00,1,1,positive_enrichment_round2,Qwen/Qwen3-14B,qwen3_14b,1,True,1,
337573,1,threat_construction,Total BS from the get-go for 2 purposes: 1. To install the cadaver known as biden so the destruction of the US can be completed 2. To enforce compliance &amp; Orwellian control over the sheeple so their few remaining rights can be removed forever,twitter,2024-05-10 21:58:07+00:00,1,1,positive_enrichment_round2,Qwen/Qwen3-14B,qwen3_14b,1,True,1,
61457,0,threat_construction,"#stitch with @Melissa 🩷 #4B #malethreats #cattle #pewpews #becareful #misogynists #votebluenomatterwho :  If you don't start to comply, we will start selling you on the market like cattle. And the threats are starting. Click the video I stitched. You can see she's responding to someone from a comment section who, when confronted with women's rights, is saying that men are going to round women up like cattle and sell them on market for the best price. He also said that we have forgotten that they, the conservative right, have all the guns. Well, first of all, no, you don't have all the guns. Trust me, not even close. Secondly, I feel sorry for the men that try to round a bunch of us up like cattle to sell us at market. You know, just like I used to tell people who reached out to touch my... ...my hair and invaded my personal space when I had long, curly red hair. You better be careful. You might draw back a bloody stump. You do you, sweetheart. Just remember, things other than elections have consequences, too.",tiktok,2024-04-10 17:58:30+00:00,1,1,positive_enrichment_round2,Qwen/Qwen3-14B,qwen3_14b,0,True,0,
3969762,2,threat_construction,abrimhamlincolnI’m sure riots will happen across the country. Drag queens and trans will be looting and burning stores,truth_social,,1,1,positive_enrichment_round2,Qwen/Qwen3-14B,qwen3_14b,1,True,1,
3934028,0,threat_construction,Kamala Harris’ Chicago: Man Screaming ‘Allahu Akbar’ Opens Fire on a Jewish Man,truth_social,,1,0,original_stratified,Qwen/Qwen3-14B,qwen3_14b,0,True,0,
2986978,1,threat_construction,Donald Trump claims that Kamala Harris is marxist and if she is elected it will be the end of our country.,twitter,2024-09-11 01:15:57+00:00,1,1,original_stratified,Qwen/Qwen3-14B,qwen3_14b,1,True,1,
802080,0,threat_construction,Great. Are you registered for the Draft? Cause if Biden wins we are going to need boys to fill those body bags.,twitter,2024-06-14 01:12:00+00:00,1,0,positive_enrichment_round2,Qwen/Qwen3-14B,qwen3_14b,1,True,1,
211344,0,threat_construction,I don’t feel sorry for you because you support third world lowlifes invading the west. You’re a liberal and a sellout. This is coming to America via Biden,twitter,2024-05-04 06:10:18+00:00,1,1,positive_enrichment_round2,Qwen/Qwen3-14B,qwen3_14b,1,True,1,
1507725,0,threat_construction,With all the money in earth you cant anything to stand up to those Globalists and Biden to end their bloodthirsty wars! This is Mogombo Republic! Not America anymore!,twitter,2024-07-13 23:56:45+00:00,1,1,original_stratified,Qwen/Qwen3-14B,qwen3_14b,1,True,1,
1384492,0,threat_construction,the entire western world is currently doomed from this alone. Biden still favourite to be Democratic nominee.,twitter,2024-07-11 08:51:16+00:00,1,0,original_stratified,Qwen/Qwen3-14B,qwen3_14b,0,True,0,
3089972,0,threat_construction,"Kennedy.Every one of the attackers were either a socialist, a communist or a Democrat.Everyone should know this information.",truth_social,,1,0,positive_enrichment_round2,Qwen/Qwen3-14B,qwen3_14b,0,True,0,
989961,0,threat_construction,"Every person, every American needs to remember in Nov the open border invasion of our country the rapes,murders,bloodshed that lie at the feet of crooked Joe! IT disgust me when I read another death it could be u or I. Crooked Joe is toxic to America . Vote Trump 2024, Maga!",twitter,2024-06-20 22:59:34+00:00,1,1,positive_enrichment_round2,Qwen/Qwen3-14B,qwen3_14b,1,True,1,
2526843,0,threat_construction,"“Don’t forget, liberal genocide is more humane than conservative genocide.”- Liberals",twitter,2024-08-17 23:41:52+00:00,1,0,original_stratified,Qwen/Qwen3-14B,qwen3_14b,0,True,0,
3346107,0,threat_construction,"West Virginia... I said it before and I will say it again..WV Attorney General Patrick Morrisey  who is running for WV Governor  appears to be related to Kamala Harris  at least they both have the same mind set and agenda ""after the election"". Why not do your job now? #westvirginia #watchdogs #smarahallwilson #patrickmorrissey #manifestation #cpscorruption #corruption :  We'll be right back. We'll be right back. We'll be right back.",tiktok,2024-09-22 23:36:07+00:00,0,0,original_stratified,Qwen/Qwen3-14B,qwen3_14b,0,True,0,
506133,0,threat_construction,"#dúo con @Heidytorr #trump #RACISMO EEUU #democratas #republicanos # noticias EEUU :  Donald Trump publicó un video de lo que sería Estados Unidos si él gana con una frase del Alemania nazi del 1930. Una frase de Hitler. Unified Reich. Esa es la frase de Hitler. Una frase de Hitler que hablaba de la raza blanca, de la pureza de la gente blanca. Pero él no es racista, señores. Él no es racista, pero los racistas piensan que Donald Trump es su líder. Y que va a unificar la raza blanca en este país. Porque recordemos lo que Donald Trump ha dicho. Nosotros estamos envenenando la sangre de este país. Y todavía ellos quieren que nosotros pensemos que eso fue un simple error. Que Donald Trump no quiso publicar ese video. Eso es un video. Un video destinado para la gente blanca racista para que sepan que ellos tienen a su líder en Donald Trump. Pero los republicanos lo están excusando, por favor. Eso no es cierto. Eso es algo mío. Y los demócratas lo están utilizando para irse en contra de Donald Trump. Es que Donald Trump nos lo ha estado diciendo desde un principio. Ya nos dijo que nosotros los inmigrantes estamos envenenando la sangre de este país. A los blancos supremacistas en Charlottesville le dio que ellos son personas decentes. Nos dio que va a ser dictador por un día. Y hasta está tanteando una posibilidad de quedarse en el poder por tres mandatos si gana las elecciones en noviembre. ¿Vamos a ser considerados tres termos? ¿Vamos a ser considerados dos termos? Él nos lo está diciendo lo que él va a hacer. Y los republicanos nos dicen no se lo tomen en serio. Ay, él está bromeando. Cuando Donald Trump tiene algo diferente a muchos otros políticos. Y es que nos está diciendo desde un principio lo que él quiere hacer. Así que hay que tomarnos esto en cuenta. Y hay que tomarlo en serio. Este hombre nos va a llevar a una dictadura. Y quién quita lo más cercano a lo nazi Alemania en el 1930.",tiktok,2024-05-22 15:42:04+00:00,1,0,positive_enrichment_round2,Qwen/Qwen3-14B,qwen3_14b,1,True,1,
3852210,0,threat_construction,I would love to see MAGA loaded onto buses and sent to camps.,twitter,2024-10-14 16:56:48+00:00,1,0,positive_enrichment_round2,Qwen/Qwen3-14B,qwen3_14b,1,True,1,
3191394,7,threat_construction,شبح إيرانى يطارد #ترامب .. الثأر لا ينسي بعد ٤ سنوات! 🤔  ما هي حقيقة المستندات التي تم اكتشافها قبل الانتخابات الرئاسية؟ وهل لإيران يد خفية في الأمر؟ لماذا تعتبر إيران من ألد أعداء دونالد ترامب، الرئيس الأمريكي السابق والمرشح الجمهوري الحالي؟ تعرّف على تفاصيل القصة التي قد تقلب الموازين السياسية! #إيران #ترامب #الانتخابات_الأمريكية #السياسة_العالمية #المستندات #الثأر #العلاقات_الدولية #الشرق_الأوسط #انتخابات2024 #عمال_الشاحنات #ترامب_هاريس #الناخب_المتردد #أمريكا_السياسة #نقابة_الشاحنات #ترامب #كامالا_هاريس #تحليل_سياسي #الغلاء  #أسعار_الوقود #الاقتصاد_العالمي #التضخم #الفائدة_الأمريكية #الدول_العربية #الأزمة_الاقتصادية #خفض_الفائدة #الانتخابات_الأمريكية #الاحتباس_الحراري #تغير_المناخ #دونالد_ترامب #كامالا_هاريس #البيئة #السياسة_والبيئة #تأثير_الانتخابات #تحليل_سياسي #الشرق_الأوسط #news #انتخابات2024 #أخبار_أمريكا #ترامب_2025 #الهجرة #الانتخابات_الرئاسية #الحزب_الجمهوري #ترمب #ترند #أخبار_سياسية #البيت_الأبيض #للى_ميعرفش #اكسبلور #اخبار #امريكا #مصر #اسرائيل #القدس #تل_ابيب #الجزائر #طرابلس #تونس #المغرب #الدار_البيضاء #الامارات #لبنان #بيروت #سوريا #دمشق #حلب #الكويت #السودان #الخرطوم #العراق #بغداد #دبي #الرياض #القاهرة #عمان #السيسي #تكساس #نيوجرسي #كاليفورنيا #شيكاغو #ميتشجن #بروكلين #اسكندرية #الشرقية #fbi #cia #واشنطن #العرب #الولايات_المتحدة #مصطفى_النجار #trump #harris #usa #whitehouse:  للذين لا يعرفون، النهاردة اعلنت الفرنسية أنها توصلت لمستندات لهم عن طريق هاكر إيراني هذه المستندات مفروضة ضد دونالد ترامب وهو المرشح الحالي الذي يقع قدام كاميلا هاريس وهي نائبة بايدن بعيداً عن كل هذا، إيران ما زالت عندها طار ما بين ترامب، طار كبير لأنه قدر القرار باختيال محسن زادة مهندس المشروع النووي الإيراني ترامب معادي جداً للمسلمين سواء وهو في البيت الأبيض منع كثير من الدول الإسلامية من دخول أمريكا هدد بإسقاط الجنسية عن مؤيدين فلسطين والمدافعين عن المسلمين في أمريكا قال أنه إذا نجح يمنع المسلمين وعدد من الدول العربية من دخول أمريكا وأخيراً ما ننساش أنه هو اللي أصدر التعليمات بنقل السفارة الأمريكية للقدس المترجمات لكثير من الاشتراك في القناة,tiktok,2024-09-18 23:43:14+00:00,1,0,positive_enrichment_round2,Qwen/Qwen3-14B,qwen3_14b,0,True,0,
1719817,0,threat_construction,If you don’t like either Presidential candidate… Vote for the decent one and NOT Trump. There is no third choice and voting is your responsibility,twitter,2024-07-17 21:30:56+00:00,0,0,original_stratified,Qwen/Qwen3-14B,qwen3_14b,0,True,0,
2467113,8,threat_construction,"#gop #democrat #weird #weirdo #politics #DonaldTrump #USA #republican #maga #trump #economy #biden #harriswalz :  Biden's plan will destroy 5 million jobs. 353,000 jobs added in the first month of the year. What a blowout report. Your 401ks and money itself will be worth this. You might have noticed in the corner of your screen here, the Dow has never been higher than this. If Biden wins, there will be no fracking, no oil. The United States is producing more oil than any country ever in history. Bankrupt your social security system. Senior citizens set to see a big bump in their social security checks. You'll be locked down for years. The COVID-19 public health emergency in this country officially ending at midnight tonight. If Biden won, China would own the United States. They would literally own the United States. Trade deficit with China was up under Donald Trump. Under Biden, it's finally coming down. There will be no school, no graduations, no weddings. Marriages are back to pre-pandemic levels. No Thanksgiving. Happy Thanksgiving. No Easter. Happy Easter. No Christmases. Merry Christmas, America. No 4th of July. Happy 4th of July, America.",tiktok,2024-08-15 23:04:45+00:00,1,0,positive_enrichment_round2,Qwen/Qwen3-14B,qwen3_14b,0,True,0,
3466356,1,threat_construction,Eric Adams was the so called’Biden of Brooklyn’ a few yrs ago.Kamala let the border flood NYC with violent illegals.Adams complained about funding.Biden DOJ pushed his Campaign violations w/ Turkey…,twitter,2024-09-26 02:11:28+00:00,1,0,original_stratified,Qwen/Qwen3-14B,qwen3_14b,0,True,0,
1732575,5,threat_construction,"#trump #trump2024 #republican #fjb #iran #palestinian #israel #mediooriente #gatoencerrado #ojo #atencion #alerta :  Señores, hay mucha gente que me está comentando en mis videos sobre lo que le hicieron a Trump. Y me están diciendo que está muy extraño esto. Esto de la amenaza de Irán contra Trump y todas estas cosas. O sea, casualmente, cuando Mallorca le pasa un paño frío por arriba a la directora del servicio secreto, sabiendo que ella es la culpable, la única culpable de lo que ocurrió. Está muy extraño y muchas personas de lo que me están comentando en los videos tienen mucha razón. Tienen mucha razón. Estoy analizando eso porque realmente, realmente esto. Sí. Sabemos que Irán es enemigo número uno de Trump porque Trump les apretó la tuerca y lo estuvo pasando hambre. Y mientras él estuvo en el poder, esta gente no pudieron hacer ni una bombita de las que se ponen los viejos. Y ahora con el gobierno de este viejón, pues ya saben que hizo lo mismo que Obama. Les empezó a dar dinero para que no hicieran bombas. Y con eso mismo financiaron los ataques a Israel de los terroristas. Esa es la realidad. He analizado bien esos comentarios y de verdad que tienen la razón. Los felicito porque no se me había ocurrido, ¿saben? Gracias.",tiktok,2024-07-18 00:34:37+00:00,1,0,positive_enrichment_round2,Qwen/Qwen3-14B,qwen3_14b,0,True,0,
2825554,9,threat_construction,"#usa #usa #usa  2024 camala harris:  Hello, hello! Hello, Pittsburgh! Thank you Joe, thank you Joe! Thank you Joe! Thank you Joe! Thank you, Joe! Thank you, Joe! Thank you, Joe! The President Well, I've celebrated many Labor Days in Pittsburgh. And it's always good to be back with so many great friends. Many of them flew with me on Air Force One today. Representative Union has been with me since the beginning of my career. They're not that old, but they've been. Since I was a 29-year-old kid. I want to thank Liz Shuler, the AFL-CIO. And Kenny, the IBEW, for that strong endorsement. By the way, we have an expression in Delaware. IBEW, when I ran for President, they're the ones that brung me to the dance starting off. Not a joke. And Dave McCall, the steelworkers. The President Yeah! The President Dave, in 1972, steelworkers of the First Union endorsed a 29-year-old kid named Joe Biden. Wasn't old enough to be Senator when he got elected. It mattered. Guy named Huey Carsella was the district president because we used to have one of the largest labor forces in Claymont, Delaware and North. Over 4,000 workers. And it was, anyway, it all went law. It went south. But Huey, Huey went to the national president, I.W. Abel, and he said he wanted me to get endorsed. Everybody thought it was crazy. I literally wasn't old enough to be sworn in the day I got elected. But guess what? President Abel stuck with me. That's right. And they got stuck with me for the rest of my career. Eric Dean, to the ironworkers. Tim Diskell, a bricklayer. April Bell, the SEIU. Lee Saunders, a vast man, a great friend. Boy, you're leading. And Jimmy Williams, to the painters, allied tradesmen, and his dad. His dad is a really good man. Mike Coleman, a sheet metal worker. We also got some of the best elected officials of America. Governor Josh Shapiro is doing an incredible job. The great Lieutenant Governor Austin Davis. And one of America's best warriors, Ed Ganey. Ed, you are doing a hell of a job. The sir in the motto, county executive, I think has the hardest job in American politics. Everybody, thank you. Everybody knows where you live, and they think you can solve all the problems. You don't have enough money. But I tell you one thing, I'm the first president ever. I used to be a county official when I was 26 years old. And it always bothered me that the federal government would send money to the state to be distributed to the county. What the hell is the state going to send it to the county for? All the state reps need the money. But guess what? Under my administration, it goes straight to the county. If I go to a county Все court's done it. All of the 테 Thank you. Thank you. And guess what? I was on North Washington Avenue. He was in Adams. Guess what? They've renamed North Washington Avenue down where I live Biden Way. It's worth the effort. And, Bobby, Bob will make sure we get you reelected again. And while we couldn't be here, I want to thank his partner in the Senate, John Fetterman. If you're in a foxhole, you want Fetterman in there with you. He couldn't be here today, but guess what? He sent the best part of the family, Giselle. She's here. Let me just say it means so much to be with a true friend, a true friend, the voice of the people. Thank you. And I want to thank the Vice President and the next great President of the United States of America. Come on. Look, folks, I come from two neighborhoods where it's not hard to say the word union. But you know what? The fact of the matter is an awful lot of politicians have trouble saying union. They end up working people. That's right. That's right. That's right. That's right. Right. Guess what? I'm not one of them. Nina's Kamala. We know the simple truth. Wall Street did not build America. The middle class built America, and unions built the middle class. That's a fact. And by the way, that is not a slogan. That's a fact. I asked the Treasury Department to do a study, and it shows that when unions do well, the middle class can build America. And that's it. That's it. You're welcome. shows that when unions do well, all workers in America do better. That's a fact. That's a fact. It's the biggest reason why our economy is the strongest economy in the world today, without question, because of unions. You know, my dad, like many of his generation going into World War II, wasn't able to go to college. My dad was a really well-read guy, and he was always engaged. And he'd come home from work before he'd go back and close up the shop for dinner. And the dinner was a place where we had discussions and incidentally ate. You know, my dad taught me. My dad would say this all the time. Remember, Joey, a job — and I give you my word to this — a job is about a lot more than a paycheck. It's about your dignity. It's about the community. It's about your place in the community. It's about being able to look your kid in the eye and say, honey, it's going to be okay and mean it. That's why — — that's why Kamala and I are so proud — so proud of the greatest job creation record of any president. And I'm proud to say that we've been the best president in a single term in American history. Sixteen million new jobs so far. Eight hundred thousand manufacturing jobs. Eight years ago, how many times did you hear about we can no longer be the manufacturing capital of the world? Where the hell is that written? Right here. We are the greatest manufacturing city or county in the world. State in the world. City in the world. We're going to remain that way. And I'll tell you something. Kamala and I are damn proud that we protected the pensions of over one million workers and retirees. Remember all those years that promised we were going to do something about it? Well, damn it, we finally did with the book of the law. We're going to do something about it. We made it with the Books Lewis Act. Over 52,000 workers and retirees across Pennsylvania loan or benefit from that. Not only did we restore the full amount, we got them their back pay as well. We made them whole again. As everyone said to Barack, that's a big deal. You know, that's a big deal. You know, that's a big deal. You know, that's a big deal. You know, that's a big deal. You know, that's a big deal. You know, that's a big deal. You know, that's a big deal. You know, that's a big deal. You know, that's a big deal. Yeah. Yeah. Yeah. Yeah. That's a long story. Yes, sir. Listen, Kenny described another big deal. Union workers rebuilding American infrastructure and building new factories here in America. They told me we couldn't get anything done in infrastructure. A trillion, $200 billion we got done. Remember Trump for four years promised every month infrastructure week. For four years. He promised that he didn't build a damn thing. Yeah, I mean, that's nothing. Thanks to our infrastructure law, Pennsylvania's so far Has received $17 billion. $17 billion. for 2000 projects. I'm clean water to us. Yeah. Yeah. From clean water to affordable high-speed internet for every Pennsylvanian. The projects that include $858 million to expand the Montgomery Lock, better accommodate bigger barges to get millions of tons of goods and sell the shelves faster and more reliable and create thousands of union jobs. Thank you. I was working on the Great Lakes and I got a call from Bob from Senator Casey. He's been no bigger champion than Casey for this. You know what I call him? I call him the Casey Locks. Not Goldilocks, the Casey Locks. Bobby's also a champion of Pennsylvania's energy communities. We passed what's called the Casey Credit, available to 45 Pennsylvania counties. We're energy jobs such as coal mining and had been before it disappeared before we came to office. The Casey Credit provides major incentives for companies to build new battery factories, wind turbines and more to create high-paying jobs in those coal and natural gas communities. And on top of that, there's over $4 billion that private companies have committed to invest in clean energy and advanced manufacturing here in Pennsylvania. $4 billion. And guess what? With your support, I've signed an executive order to make sure large federal construction projects all use project labor agreements. Yeah! Folks at home, you may be watching this and telling them they don't want a project. But I'm telling you, this is a project labor agreement. This is when contractors, subcontractors and unions put in place before construction begins what the rules are. Before it begins. These agreements make sure construction is top notch, on time, on task, and by the way, on budget. There's another big deal. Buy American. That's been the law since 19- 1930. I gotta admit, I've been around, I'm only 40, but I've been around a long time. But I quite frankly, until 10 years ago, wasn't aware, you know, back in the 30s, when they were trying to make sure unions could organize and business couldn't interfere. The law was passed that said, every penny the president gets from the Senate, the House and Congress, to spend on a project, he should hire an American worker and use an American product. But pass administration. Firstly. Pass administration. Including my predecessor, failed to buy America. They shipped jobs overseas where labor was cheaper and brought home the product that was more expensive. But not anymore. Federal projects build American roads, bridges, highways, and they'll be made with American products, by American workers. That's why. That's why. That's why. That's why. That's why. That's why. That's why. That's why. That's why. That's why. That's why. That's why. That's why. That's why. That's why. That's why. That's why. That's why. That's why. That's why. That's why. That's why. That's why. That's why. That's why. Today, our only obligation to America is to create independent work for all of the group of children血ze with us, threatens our lives and our maturity, and that's why it's in KO Да 10 or so, give us a great job. that, well, guess what? Resulted in hiring over one million apprentices since we came to office. Lots of folks don't realize getting an apprenticeship is like getting a college degree. Why? You have to train for four or five years to get that, and some of the best workers in the world are right where we are where we are. When you're in Pittsburgh, you're standing with steel workers. Let's be clear. I believe in American steel companies. American-owned and operated steel companies. For simple reasons. It's not hyperbole. American steel workers are the best steel workers in the world, and I made it clear last time I was in Pittsburgh, United States Steel. An iconic American company for more than a century is going to remain an American company. Remember the young senator, why the National Labor Relations Board was sometimes so anti-labor. It was set up to help labor, to be pro-labor. Well, guess what? That's why one of the most significant things we've done, and it's not just the president, Kamala and I, is appointing a National Labor Relations Board that actually believes in unions and believes in recognized labor. Thank you! It's a big deal. It's a big deal. Remember, we have short memories. I'm all for forgiveness. I'm not for this. Trump appointed union busters on that board. No, that's a fact. But it's real. It affects people's lives. It's a fact. It's a fact. It's a fact. It's a fact. It's a fact. It's a fact. It's a fact. It's a fact. It's a fact. It's a fact. It's a fact. It's a fact. It's a fact. We're going to let that son of a gun do that again? Folks, we made a lot of progress, and Kamala and I are going to build on that progress, and she's going to build on it. I'll be on the sidelines, but I'll do everything I can to help. But, look, I'm not joking when I say — this is not a joke. When I said this when I was running in 2020, a lot of people didn't believe me. You did, but you didn't believe me. It's all at risk because of Donald Trump. Literally. Right. How the hell could the countytor get rid of a lot of this? And do you think this guy gives a damn about your pensions? No. No, I'm serious. Do you think he'd lose even an instant of sleep over it? No. Do you think he cares about all the work you do every day and how hard it is? No. Do you think he cares about good paying jobs for hard-working people who built this economy? No. Hell. If he regards picket lines, he'd rather cross one than walk one. But I have no problem walking the picket line. Never have, neither does Kamala. We'll always walk alongside you. Union workers built this country. Again, that's not hyperbole. That's a fact. These are facts. These are not campaign slogans. Let me close with this. Five years ago, I began my campaign for president right here in Pittsburgh. I said one of the reasons I was running was to rebuild the backbone and spine of America, the middle class and working class folks. Not a joke. Think about it. Think about it. Well, five years later, we've done just that. Yes! I'm back in Pittsburgh. I'm back in Pittsburgh. I'm Labor Day again with a simple message. As you look at this election, I spent my whole career believing in unions. I'm not joking when I say that. I'm honored to be considered the most pro-union president ever. Yep! And I remember all the talk. Biden got elected. He's going to do a planned economy. We're going to collapse and there's going to be all this caving in. Yeah! Yeah! Yeah! Yeah! Yeah! Yeah! Yeah! Yeah! Yeah! Yeah! Yeah! Yeah! Yeah! Yeah! Yeah! Yeah! Yeah! Yeah! Yeah! Yeah! Yeah! Yeah! Yeah! Yeah! Yeah! Yeah! Come on, man. I'm here to tell you, it's about increasing the strength of your union, which is all about. If you care about hard-working people, just give them a fair shot. Everyone in America deserves a fair shot. No guarantee. A fair shot. If you care about the dignity of work, if you care about the dignity of work, and I mean it matters, the dignity of work, the way you're treated, the decency, I remember when my great-grandfather was one of the, only the second Catholic elected statewide to the state Senate here in Pennsylvania. And I remember they talked about when he, when they're running against him in 1906, they said, guess what? They said, he's a Molly McGuire. You know what a Molly McGuire was? Well, those of you don't. A Molly McGuire, back in the old days, when we Irish and the Catholics came and then the Poles and others that were Catholic, when they came to the United States of America in the beginning of the 1840s, and late 1840s, they made their way down into Pennsylvania. A lot of them, and there's a tear in the coal mines. Those guys who got there last ended up being the last people in the coal mines. But a lot of the English owned the coal mines. And what they did was they'd really beat the hell out of the, of the mostly Catholic population that was in the mines. Not, not a joke, not a joke. But there was a group that called the Molly McGuires. And the Molly McGuires, if they find out the foreman who was taking advantage of an individual, and they literally kill him. Not a joke. And they bring him body up and put him on the doorstep of his family. Kind of crude. But I got to admit, they accused my great grandfather being a model where he wasn't. But we were so damn disappointed. That's a joke. That's a joke. Look, it's about the dignity of work. It's about how you're treated. And when I met with the IBW, and I started off this last campaign first, I said, there's two things I'm asking of me. And I said, two things I'm asking of you. One, you got to open up your unions to more women. Yep. Not a joke. And two, to more minorities. You've done both that. And guess what? Instead of having support of 30% of the American leaders, now we're 65% of the American leaders support the American union movement. It really is all about the dignity of work. Then there's all, if you care about the dignity of work, there's only one person who's going to be a person you have a rational choice with this time. And that's Kamala Harris. Kamala! Kamala! Kamala! Let me tell you about this woman. Kamala! Kamala! Kamala! Kamala! I know her. I trust her. Not a joke. I trust her. Number two, the first decision I made to nominate his nominee in 2020 was selecting her as my vice president. And by the way, it was the single best decision I made as president of the United States of America. I was watching something sent to me. When they asked Barack, they said, Barack picked me as vice president because he knew I could be president. I know she'll be a good president. I know it. I've watched him. And all the experts, foreign and domestic policy, would give us advice. Then we'd sit alone in a room, and she has a backbone like a ramrod. And she has the moral compass of a saint. This woman knows what she's doing. Folks, I promise you, if you elect Kamala Harris as president, it'll be the best decision you will have ever made. Kamala, believe it or not, the unions are the spine of this economy. She'll be a historic pro-union president. So folks, we've got one more job to do together. Let me ask you, are you ready to fight? Yes! Yes! Yes! Yes! Yes! Yes! Yes! Yes! Yes! Yes! Yes! Yes! Yes! Yes! Yes! Yes! Are you ready to elect Kamala Harris our next president of the United States of America? And, in the process, are you ready to make Donald Trump a loser again? Yes! I've never been more optimistic about America than you have to remember who we are. We're the United States of America. There's nothing, nothing, I mean this from the bottom of my heart, there's nothing beyond our capacity. Nothing. When we do it together. And that means elect my friend, our great Vice President of the President of the United States, Kamala Harris. Thank you, Joe. Thank you, Joe. Thank you, Joe. It is good to be in the House of Labor. And it is good to be back at IBW Local 5. And can we please give it up again for our President, Joe Biden. Now, I don't have to tell the brothers and sisters of labor that you really get to know somebody when you're in the middle of a fight. When times are hard. When the forces are mighty. When people don't believe something can get done. And they have a thousand excuses for why it can't get done. And I have spent more time with this extraordinary human being when the cameras were not in the room. When the stakes were high. When the heat was intense. And Joe Biden has always stood with the workers of America and labor unions of America. Always. Always. Always. Always. Always. I've been with him when he'll bring folks into the Oval Office. And you know how Joe can get sometimes. He doesn't spare words. It's good that sometimes the cameras are not in the room when he has those conversations. Because the thing about the Joe Biden I know, and I know you know, because he has been a friend of labor for so long for his whole life. Joe Biden can be quite impatient. And that's a good thing for that kind of leader. Quite impatient. And I say to all of the friends here, the press that's in the room, history will show what we here know. Joe Biden has been one of the most transformative presidents in the United States that we have ever witnessed. And it comes from his heart. And you know, Joe and I talk a lot about the fact that we are so proud to be the most pro-union administration in America's history. Thank you. And as we know, Joe's still got a lot of work to do. So let's also understand that. So I want to thank all the incredible leaders who are here today, including the governor, Shapiro, Lieutenant Governor Davis, Senator Casey, who we will reelect this November. Mayor Ganey, President Scholar, President Cooper, all the leaders of labor who are here, all the union members who are here. So I'll just get right to a few points. I love Labor Day. I love celebrating Labor Day. And Pittsburgh, of course, is a cradle of the American labor movement. It is the birthplace of the AFL, headquarters of the steelworkers, home to Firefighters Local 1, and of course, the historic IBEW Local 5. Yeah. Yeah. Yeah. Yeah. Yeah. Yeah. Yeah. Yeah. Yeah. Yeah. Yeah. Yeah. Yeah. Yeah. Yeah. Yeah. Yeah. Yeah. Yeah. Yeah. Yeah. Yeah. Yeah. Yeah. Yeah. Yeah. Yeah. Yeah. Yeah. Yeah. Yeah. Yes. Seriously? Yeah. Every union 긒 It's not even that easy. Well, yes. But let me make a point about the labor work� StopB페 I wanna go with you on this. It's true. But, I don't shoot In fact, that's Unions for mais want to live this Ph助 so You're Он You're Ant We're Unions Anren Because when union wages go up, everybody's wages go up. When union workplaces are safer, all workplaces are safer. When unions are strong, America is strong. And we are clear, not only has Pittsburgh shaped the history of America's labor movement, today you are also shaping its future. In 2021, with my dear friend, the Secretary Marty Walsh, who the president appointed to be Secretary of Labor, he and I hosted a meeting right here in this lobby. It was local. And it was part of the White House Labor Task Force that I lead. That day we met with a group of computer programmers who were working to form a union. One month later, they signed their contract and became the first, one of the first technology unions in our nation. Standing on the shoulder of all those who have been here and fought the good fight. So Pittsburgh, I remind us of that. To say, together. We are fighting to build an economy that works for all working people. And that has always been the vision of the labor movement. And that is the vision of our campaign. You know, in this election, there are two very different visions for our nation. One ours focused on the future. The other focused on the past. And the other focused on the future. We fight for the future. We fight for a future of dignity, respect, and opportunity for all people. We fight, knowing it's some backward thinking, for those folks who have been suggesting for years. That the measure of the future is not the future. It's the future. It's the strength of a leader is based on who you beat down. You know, that's the stuff they're pushing. That the measure of the strength of a leader is based on who you beat down. When we know the true measure of the strength of a leader is based on who you lift up. Who you lift up. Do you fight for workers? Do you fight for families? Do you fight for those who must be seen and heard and deserved and deserved? The dignity that comes with hard work. That's what we fight for. And when you know what you stand for, you know what to fight for. So we're 64 days out from this election. Ballots in Pennsylvania will start dropping in 14 days. 14 days. We're going to be in Pennsylvania. We're going to be in Pennsylvania. 14 days. And this election is, as much as anything else, a fight for the promise of America. For the promise of America. We love our country. We love our country. And we know it is one of the highest forms of patriotism. To fight for the ideals of our country. And that's what this election is about. And about the promise of America. And I don't need to tell unions what the promise looks like. It's what you do every day. But as we fight to move forward, Donald Trump is trying to pull us backward. Including back to a time before workers had the freedom to organize. He's going to jail! Well, the question is, what's the answer? We're not going back. Well, the courts will handle that, and we will handle November. How about that? We'll handle November. Let the courts handle that, and I'll be fair. We're not going back. We're not going back. We're not going back. And one of the ways we're going to guarantee we don't go back is that we remember, right? It is important to remember what that was like. What's going on. Women's rights. United Flint الإذ signed up to serve the Republican praises of our cause by providing moreI noble and generous Loan O woman's rights and rights and flexibilities will not be denied and will not be tomar schöne enough. So American democracy will not have to come back like we can. And I believe as long as whole隨OSJohn absolutely as long as much more right with the banners One of the ways we're going to guarantee we don't go back is that we remember, right? It is important to remember what that was and what it is. Remember, as president, Donald Trump blocked overtime benefits for millions of workers. He opposed efforts to raise the minimum wage. As the president said, he appointed union busters to the National Labor Relations Board. And don't forget, he supported so-called right-to-work laws. And if Donald Trump were to be reelected, he intends to give more tax cuts to billionaires and big corporations. He intends to cut Social Security and Medicare. He wants to impose what in effect would be a national sales tax — I call it the Trump national sales tax — on everyday products. So probably don't even think of an expense and brought back in a tiny vessel to eux of prerequisites. ... Requisites and basic necessities that would cost a typical American family — the economists have said this — almost $4,000 a year. He intend to repeal the Affordable Care Act. And take us back to what we remember, cuz it wasn't that long ago, was a time when insurance companies could deny people with preexisting conditions. You remember what that was? Children... People with asthma, breast cancer survivors, grandchildren... And what kind of novo-simes— his grandparents with diabetes? Well, look, America has tried those failed policies before, and we are not going back. We are not going back. We're not going back. We're not going back. And instead, and instead, we fight for a future where no person has to go broke just because they get sick. And so building on the work of President Joe Biden and I and the work we have done in the White House, we will continue to strengthen the Affordable Care Act and make prescription drugs affordable for all Americans. We, we, we fight for the Affordable Care Act. We fight for the Affordable Care Act. We fight for the Affordable Care Act. We fight for a future where every worker has the freedom to organize, and we will pass the PRO Act and end union busting once and for all, and Bob Casey will help us do that. We, we see and know and fight for a future. . So every American has an opportunity to buy a home or start a business or build inter-generational wealth, and to have a future that matches their dreams and ambitions and aspirations. . All right, everybody quit. All right. It's time for our first Interior need drill. We Because, of course, that's the nature of who we are as Americans. We have dreams. We can see what is possible unburdened by what has been. We have aspirations. We have ambitions. And the system that is a good system is one that supports that and allows people the opportunity to go where they can see and imagine themselves to be. That's what I'm talking about when I talk about an opportunity economy. We fight for a future where every senior can retire with dignity. And so we will continue to defend Social Security and Medicare and pensions and pensions and pensions. And we will continue to strengthen America's manufacturing sector. And on that point, thank you. Thank you. The President mentioned it. U.S. Steel is an historic American company. And it is vital for our nation to maintain strong American steel companies. And I couldn't agree more with President Biden. U.S. Steel should remain American-owned and American-operated. And I will always have the back of American steel workers. And all of America's workers. So, friends, 64 days until the most election of our lives and probably one of the most important in the life of our nation, truly. And we know this is going to be a tight race to the very end. It's going to be a tight race to the very end. So let's not pay too much attention to those polls. We're going to have to do it. We're going to have to do it. And we're going to have to support those protocols. Because as unions and labor knows best, we know what it's like to be the underdog. And we are the underdog in this race. And we have some hard work then ahead of us. But here's the beauty of us in this room. We like hard work. Hard work is good work. Hard work is joyful work. And so in this fight... Everyone, take it seriously. Have faith. I will continue to count on the strength, the determination, and the hard work of the leaders in this room to knock on doors, to get folks to the polls, and bluntly put, because the people in here do it, to help us win Pennsylvania. That's right. Yeah. Yeah. So today I ask, are you ready to make your voices heard? Yes. Do we believe in freedom? Yes. Do we believe in opportunity? Yes. Do we believe in the promise of America? Yes. And are we ready to fight for it? Yes. And when we fight, we win. God bless you. God bless America. I'll wait for aз that leads me home I've been stumbling on good hearts turned to stone of good intentions is gonna dry as a bone we take care of our own we take care of our own",tiktok,2024-09-02 22:57:13+00:00,0,0,original_stratified,Qwen/Qwen3-14B,qwen3_14b,0,True,0,
263266,0,threat_construction,#duet with @Michael Solakiewicz #maga #💯💯💯💯💯💯💯💯💯💯💯💯 #trump2024 #trump2024 :  Free Russia! Free Russia!,tiktok,2024-05-07 17:56:52+00:00,0,0,original_stratified,Qwen/Qwen3-14B,qwen3_14b,0,True,0,
2427616,0,threat_construction,"Sorry. I got it wrong again. Up another 80 points since I wrote. Over 40,000 now. 40,035. For the record, after the 1,000-point drop a week ago that MAGOPs tried to paint as a disaster from Bidenomics &amp; Biden-Harris, the market was around 38,250. So, its up 1,800 in a week!",twitter,2024-08-14 19:04:44+00:00,0,0,original_stratified,Qwen/Qwen3-14B,qwen3_14b,0,True,0,
3316057,0,threat_construction,They should be butthurt that xbox bought shitton of third party publishers to begin with,twitter,2024-09-22 02:43:38+00:00,0,0,original_stratified,Qwen/Qwen3-14B,qwen3_14b,0,True,0,
3204331,3,threat_construction,"If Tim Walz had his way, he would be in charge of deciding what is hate speech &amp; misinformation. All criticism of Kamala Harris is hate speech. Any critique of the DNC is misinformation. - Tim Walz, hate speech &amp; misinfo czar (ender of the 1st amendment)",twitter,2024-09-19 12:34:44+00:00,1,0,positive_enrichment_round2,Qwen/Qwen3-14B,qwen3_14b,0,True,0,
1875484,10,threat_construction,Bill Maher Asked What Was on Everyones Mind Regarding the Trump Assassination Attempt,truth_social,,1,0,positive_enrichment_round2,Qwen/Qwen3-14B,qwen3_14b,0,True,0,
404083,1,threat_construction,Israel issues will NOT end America. Open borders is the intentional destruction of USA.and death of our future.,truth_social,,1,1,positive_enrichment_round2,Qwen/Qwen3-14B,qwen3_14b,1,True,1,
3920514,0,threat_construction,"Lord God Almighty, Preserve Donald Trumps life from Democrat terrorists. Protect him to serve America again as President. But You, LORD, are a shield around me, My glory, and the One who lifts my head. In Jesus name. Amen.",twitter,2024-10-24 13:36:49+00:00,1,0,positive_enrichment_round2,Qwen/Qwen3-14B,qwen3_14b,1,True,1,
3690975,0,threat_construction,"One year later. One YEAR of the most well-documented terror continuously dropped on Palestine by Isreal, armed with weapons from US. Funded by US.  Joining @SRprotestSteveO in front of flags displayed to represent hostages is our Palestinian friend @momo🇦🇲🐸🇵🇸plumbing and his incredible son. They are not alone in the fight to speak out for the people of Palestine.  The depth of suppression amd brainwashing is very real here. They do not want us to find eachother. We are early in the revolution. It is here, it is growing.  Free Palestine! Free the world! 🇵🇸💚 We can end this with @Jill Stein  #steinware2024 #elections #protest #greenparty #greentrain #palestine🇵🇸 #gaza #losangeles #california #usc #ucla #beverlyhills #trump #harris #isreal #lebanon #syria #iran @Macklemore @PalestineNewsNetwork @voteTHIRDparty2024 :  In our lifetime, we will be free One day when the light shines, we will be free In our lifetime, we will be free And they can bury us But they will find out we are seeds for They can bury us But they will find out we are seeds for",tiktok,2024-10-05 07:40:36+00:00,1,0,original_stratified,Qwen/Qwen3-14B,qwen3_14b,0,True,0,
3952992,0,threat_construction,"Dont forget, her administration is actively trying to send Donald Trump to prison as we speak.",twitter,2024-10-31 02:15:56+00:00,0,0,original_stratified,Qwen/Qwen3-14B,qwen3_14b,0,True,0,
2780512,2,threat_construction,mrddmiaThese are members of the Tren de Aragua gang from Venezuela.This gang is as vicious as MS-13 from El Salvador.A Tren de Aragua gang member (allegedly) brutally attacked and murdered Laken Riley.This gang is a very serious threat to all Americans.And Kamala imported them.,truth_social,,1,1,original_stratified,Qwen/Qwen3-14B,qwen3_14b,1,True,1,
1055643,0,threat_construction,We cant ignore what is happening to people working in the election offices around the country. The threats and intimidation are why Judge Aileen Cannon needs to take seriously the warnings from prosecutors about how Trumps words are taken as a call to action among his followers,twitter,2024-06-25 20:06:04+00:00,1,0,original_stratified,Qwen/Qwen3-14B,qwen3_14b,1,True,1,
2485055,0,threat_construction,Fight! Fight! Fight! Like your country’s survival depends on it!,twitter,2024-08-16 17:24:54+00:00,1,1,original_stratified,Qwen/Qwen3-14B,qwen3_14b,1,True,1,
2495357,0,threat_construction,Patriots please share. A village in Ireland is going to be erased and replaced with migrants. 100 % more than the villages population! MAGA stands with Ireland! ‼,twitter,2024-08-16 22:08:52+00:00,1,1,original_stratified,Qwen/Qwen3-14B,qwen3_14b,1,True,1,
